timestamp,mmsi,name,latitude,longitude,speed,course,vessel_type
2025-09-19T12:42:20.723228,265064540,KINFISH TENDER 3,81.836007,15.898378,3.3,13.5,90
2025-09-19T12:42:20.723280,235572000,ANVIL POINT,66.985998,8.400807,16.6,203.9,70
2025-09-19T12:42:20.723295,630001042,NOR STAR,68.575088,14.947745,0.0,205.5,80
2025-09-19T12:42:20.723306,319301000,KEY WIND,67.23778,10.900325,11.9,201.1,89
2025-09-19T12:42:20.723350,277589000,VILKAS,68.234027,14.536107,0.1,216.7,30
2025-09-19T12:42:20.723368,586706041,LEINEBRIS 34,75.375993,19.74737,3.4,243.6,0
2025-09-19T12:42:20.723372,586706108,586706108,68.216867,14.94592,0.3,214.5,0
2025-09-19T12:42:20.723373,586706109,AH BOY3,68.197297,14.909535,0.2,256.0,0
2025-09-19T12:42:20.723375,586706114,AH BOY1,68.230162,14.647283,0.4,302.3,0
2025-09-19T12:42:20.723377,586706164,AUSTHAVET BUOY 2,71.088872,28.578312,1.5,248.0,0
2025-09-19T12:42:20.723379,586706177,ALI BOY 1,70.793108,29.838067,2.0,104.3,0
2025-09-19T12:42:20.723388,941005775,O BUOY 04,75.327268,35.14061,1.4,202.5,0
2025-09-19T12:42:20.723391,941005785,O BUOY 03,75.498778,35.799938,8.6,155.6,0
2025-09-19T12:42:20.723393,586706383,LOFOTFANGST,70.849275,29.301263,1.8,311.4,0
2025-09-19T12:42:20.723395,941005814,O BUOY 44,75.478143,35.44358,0.6,239.4,0
2025-09-19T12:42:20.723397,941005815,O BUOY 40,75.48335,35.725512,0.8,324.9,0
2025-09-19T12:42:20.723398,941005819,O BUOY 37,75.49486,35.802053,1.8,88.4,0
2025-09-19T12:42:20.723400,586706426,EGGUMSV BUOY 4,68.486645,13.595472,1.5,284.0,0
2025-09-19T12:42:20.723403,941005846,O BUOY 41,75.332367,35.063147,0.1,179.6,0
2025-09-19T12:42:20.723407,586706481,AUSTHAVET BUOY,71.666518,31.68681,2.9,254.8,0
2025-09-19T12:42:20.723409,229767000,ARCTIC AURORA,71.665115,25.697522,9.7,76.8,84
2025-09-19T12:42:20.723410,586706533,TRYGVE B BUOY 7,75.017675,33.578268,1.8,196.0,0
2025-09-19T12:42:20.723412,586706536,TRYGVE B BUOY 3,75.03261,33.273595,3.2,58.6,0
2025-09-19T12:42:20.723428,586706667,TRYGVE B BUOY 2,75.074133,33.200205,2.3,161.9,0
2025-09-19T12:42:20.723452,586707108,LK4,70.375918,20.221253,1.0,112.4,0
2025-09-19T12:42:20.723453,586707130,LK5,70.369458,20.265138,1.7,245.3,0
2025-09-19T12:42:20.723455,586707132,BUSINKA2,70.370755,19.611445,1.1,292.6,0
2025-09-19T12:42:20.723465,586707134,BUSINKA5,70.436793,19.928525,1.8,254.9,0
2025-09-19T12:42:20.723466,586707135,LK6,70.386943,20.278767,1.7,168.1,0
2025-09-19T12:42:20.723468,586707136,BUOY11,70.36369,20.282587,3.5,208.2,0
2025-09-19T12:42:20.723470,586707137,FISHING NET BOUY 3,70.420267,18.832695,1.7,276.2,0
2025-09-19T12:42:20.723471,586707139,BUSINKA1,70.418305,19.86211,1.0,284.0,0
2025-09-19T12:42:20.723473,586707140,LK3,70.393513,20.464125,0.5,164.1,0
2025-09-19T12:42:20.723476,586707142,BUOY12,70.358762,20.307617,1.4,99.1,0
2025-09-19T12:42:20.723478,586707148,LK2,70.456893,20.175365,1.7,32.0,0
2025-09-19T12:42:20.723484,586707196,FISHING NET BOUY 2,70.470135,19.258487,1.3,187.8,0
2025-09-19T12:42:20.723486,586707240,LK1,70.374558,20.286567,1.8,308.1,0
2025-09-19T12:42:20.723489,586707248,BUSINKA4,70.418463,19.823462,1.9,3.7,0
2025-09-19T12:42:20.723491,586707249,BUSINKA3,70.374253,19.592148,2.5,341.0,0
2025-09-19T12:42:20.723493,273291510,NORVEZHSKOE MORE,75.763737,14.036923,1.6,195.0,30
2025-09-19T12:42:20.723494,586707342,SELMA BUOY 2,71.171625,27.564862,1.8,43.4,0
2025-09-19T12:42:20.723496,586707344,ALI BUOY 2,70.804577,29.853488,1.9,110.4,0
2025-09-19T12:42:20.723498,586707346,BEN HUR BUOY 1,70.985265,29.160485,2.0,329.3,0
2025-09-19T12:42:20.723510,314553000,WILSON LEITH,68.57238,14.974067,0.0,200.2,70
2025-09-19T12:42:20.723516,273217010,BOOTES,70.585243,19.32722,3.3,248.5,30
2025-09-19T12:42:20.723525,982570397,NAUTILUS ALDRA MOB,66.005125,12.282968,0.3,,53
2025-09-19T12:42:20.723540,982570698,ROV LONG CABLE,68.64295,16.581217,0.9,214.2,33
2025-09-19T12:42:20.723564,109080033,MAYA BUOY 1,71.094475,26.157437,3.8,174.1,0
2025-09-19T12:42:20.723573,109080133,VANNOYVAERING BOUY 1,70.542672,20.315565,1.4,107.7,0
2025-09-19T12:42:20.723578,109080160,IVERSEN JR BUOY 3,68.473745,14.695643,0.8,41.9,0
2025-09-19T12:42:20.723580,109080165,IVERSEN JR BUOY 1,68.479865,14.970643,0.8,0.0,0
2025-09-19T12:42:20.723583,109080228,BOUY 1 T 169 L 78,69.127488,16.563947,0.8,27.3,0
2025-09-19T12:42:20.723587,109080297,BUOY2,70.398683,20.366453,1.4,81.9,0
2025-09-19T12:42:20.723588,109080300,BUOY5,70.390683,20.36151,1.1,64.2,0
2025-09-19T12:42:20.723593,109080344,ANGELSEN SR,68.796675,13.073877,1.8,277.1,0
2025-09-19T12:42:20.723596,109080360,BUOY 81 70,69.618687,17.590255,0.9,183.9,0
2025-09-19T12:42:20.723598,109080364,BUOY 83 86,69.640285,17.617757,2.1,288.7,0
2025-09-19T12:42:20.723601,109080368,BUROY BOUY 2,70.799198,25.979825,1.4,116.3,0
2025-09-19T12:42:20.723604,109080373,BUROY BOUY 4,70.85543,26.010227,1.6,88.9,0
2025-09-19T12:42:20.723606,109080402,T 9 K 8,70.490535,20.099833,1.4,89.9,0
2025-09-19T12:42:20.723608,109080403,BUOY1,70.603697,20.38475,0.8,89.6,0
2025-09-19T12:42:20.723610,109080468,IVAR BOUY 1,71.539728,32.713867,2.0,231.5,0
2025-09-19T12:42:20.723611,109080476,ANGELSEN SR,68.721385,13.068827,1.2,17.2,0
2025-09-19T12:42:20.723613,109080478,ANGELSEN SR,68.798943,13.133832,0.9,141.9,0
2025-09-19T12:42:20.723615,109080479,ANGELSEN SR,68.808177,13.148163,1.7,204.0,0
2025-09-19T12:42:20.723616,109080480,ANGELSEN SR,68.800923,13.048013,1.1,84.2,0
2025-09-19T12:42:20.723618,109080481,ANGELSEN SR,68.796242,13.096485,1.3,302.7,0
2025-09-19T12:42:20.723619,109080485,ANGELSEN SR,68.797075,13.11808,1.5,25.0,0
2025-09-19T12:42:20.723625,109080673,ANGELSEN SR,68.720627,13.057147,1.8,105.6,0
2025-09-19T12:42:20.723627,109080675,ANGELSEN SR,68.798455,13.057583,3.1,160.3,0
2025-09-19T12:42:20.723652,244178000,SHETLAND,66.193467,11.435983,10.5,202.0,70
2025-09-19T12:42:20.723661,235051012,NAVAL AUXILIARY,69.980663,20.038908,13.5,30.0,35
2025-09-19T12:42:20.723664,563175900,ARMADA 78 03,66.70833333333333,5.8966666666666665,10.0,316.0,70
2025-09-19T12:42:20.723724,218004830,JAN MARIA,69.698015,19.075277,0.0,36.3,30
2025-09-19T12:42:20.723738,273522400,ZAKHAR SOROKIN,70.614515,18.7741,3.3,276.8,30
2025-09-19T12:42:20.723740,273447010,ALFERAS,71.95708,25.711477,9.8,312.2,30
2025-09-19T12:42:20.723767,276842000,MERIKE,76.194915,35.955818,2.4,267.3,30
2025-09-19T12:42:20.723773,273296810,DMITRY MENDELEEV,66.820272,8.459993,11.3,25.4,80
2025-09-19T12:42:20.723775,314633000,WILSON DROGHEDA,66.212315,13.018473,0.0,140.9,70
2025-09-19T12:42:20.723786,273523300,ALEKSANDR MIRONENKO,71.233863,29.322108,10.1,129.8,30
2025-09-19T12:42:20.723789,232866000,M/S ISBJORNEN 2,69.687453,18.735438,0.0,140.8,90
2025-09-19T12:42:20.723796,273523400,YANTARNYY,70.06833333333334,14.17,13.0,59.0,30
2025-09-19T12:42:20.723808,212651000,ELISABETH J,68.049372,9.757127,13.0,207.6,80
2025-09-19T12:42:20.723829,982575641,MUNIN,78.223258,15.66202,0.0,,92
2025-09-19T12:42:20.723865,314635000,WILSON DUNDEE,66.327827,14.143493,0.0,284.8,70
2025-09-19T12:42:20.723873,109010419,RONJA BOUY 9,70.93246,25.80116,3.5,43.4,0
2025-09-19T12:42:20.723903,565369000,COSL PROSPECTOR,70.626972,23.6417,0.0,229.7,90
2025-09-19T12:42:20.723921,212654000,BORIS VILKITSKY,68.079387,9.75157,18.7,212.3,84
2025-09-19T12:42:20.723967,255801980,DINA STAR,67.037495,6.527463,0.5,269.0,70
2025-09-19T12:42:20.724012,273529800,BORIS SYROMYATNIKOV,70.787182,20.811433,4.1,277.8,30
2025-09-19T12:42:20.724029,412549626,FU YUAN YU 8633,66.88833333333334,4.3,57.0,164.0,30
2025-09-19T12:42:20.724030,412549628,FUYUANYU8620,68.41000000000001,-3.26,60.0,234.0,30
2025-09-19T12:42:20.724045,273379740,FRIO FORWIN,71.023707,18.926358,9.8,332.1,70
2025-09-19T12:42:20.724052,211753000,MARIA S. MERIAN,67.283202,3.212178,4.5,61.1,90
2025-09-19T12:42:20.724091,273532110,KURSHSKAYA KOSA,70.59155,19.269067,4.5,257.4,30
2025-09-19T12:42:20.724105,314416000,JUMBO,69.222855,18.079292,0.0,233.8,70
2025-09-19T12:42:20.724126,255806445,VASCO DA GAMA,70.310633,17.88675,11.4,41.1,60
2025-09-19T12:42:20.724128,255806463,WILSON FLEX IV,67.250183,15.423075,0.0,115.2,70
2025-09-19T12:42:20.724162,273534110,LIRA,70.619067,18.918717,16.0,103.0,30
2025-09-19T12:42:20.724196,982586740,OV SKOMVAER 2,68.795357,16.54408,0.1,,33
2025-09-19T12:42:20.724213,210400000,SEAPIPER,66.080852,8.063703,0.7,167.1,33
2025-09-19T12:42:20.724218,108040274,SF JENTA BUOY,70.12759,30.54851,1.4,145.9,0
2025-09-19T12:42:20.724253,304011026,THEBE,66.306392,14.116095,0.0,298.0,70
2025-09-19T12:42:20.724254,250002443,ARKLOW FOREST,66.805597,13.920215,3.6,84.5,70
2025-09-19T12:42:20.724260,231522000,HAV ATLANTIC,68.91271,15.065718,0.0,329.5,70
2025-09-19T12:42:20.724287,273537800,KARACHAROVO,76.168515,14.513967,3.0,197.2,30
2025-09-19T12:42:20.724303,273613930,BELOYE MORE,75.869942,14.054728,3.6,198.9,30
2025-09-19T12:42:20.724362,585900148,BUOY FALCH 82,69.236665,17.937328,0.0,93.6,0
2025-09-19T12:42:20.724363,585900149,FDA WARNING 35,69.28177,17.908167,0.0,204.3,0
2025-09-19T12:42:20.724365,585900220,DODRAUG2 88,70.639437,30.660903,2.2,308.3,0
2025-09-19T12:42:20.724367,585900225,JENS 1 48,69.42605,18.453945,0.2,334.8,0
2025-09-19T12:42:20.724369,585900237,JENS 2 50,69.412953,18.45726,0.4,133.8,0
2025-09-19T12:42:20.724370,585900259,NORSOL 2 79,69.027508,16.219982,1.2,71.1,0
2025-09-19T12:42:20.724372,585900264,NORSOL 3 61,69.003017,16.139307,0.9,310.3,0
2025-09-19T12:42:20.724374,585900266,NORSOL 5 20,69.082728,16.144902,1.2,147.5,0
2025-09-19T12:42:20.724375,585900267,NORSOL 4 57,68.972488,16.09908,0.6,68.7,0
2025-09-19T12:42:20.724377,585900273,BUOY SL 1 84,69.531175,17.980698,0.5,76.4,0
2025-09-19T12:42:20.724378,585900274,BUOY SL 2 70,69.53542,18.084185,0.6,246.2,0
2025-09-19T12:42:20.724442,538003746,KANARIS,68.430623,17.402627,0.0,236.9,70
2025-09-19T12:42:20.724479,273845800,VASILIY GOLOVNIN,74.923937,15.760295,5.4,184.9,30
2025-09-19T12:42:20.724482,538005351,CLEAN PLANET,70.687992,32.57264,14.9,169.5,84
2025-09-19T12:42:20.724515,109030585,TRIO BOUY 5,70.91994,29.74767,2.2,200.0,0
2025-09-19T12:42:20.724516,109030586,TOMBA BUOY 2,70.93431,29.749682,2.0,131.6,0
2025-09-19T12:42:20.724518,109030588,TOMBA BUOY 3,70.931958,29.771202,1.2,229.4,0
2025-09-19T12:42:20.724520,109030589,TRIO BOUY 6,70.915613,29.756878,2.5,81.3,0
2025-09-19T12:42:20.724529,109030760,JENS BOY 3,69.39707,18.439187,0.1,126.2,0
2025-09-19T12:42:20.724530,249257000,PENGLAI,65.275,8.373333333333333,12.0,234.0,70
2025-09-19T12:42:20.724536,277544000,TAURUS,81.453215,32.04139,2.6,274.6,30
2025-09-19T12:42:20.724559,246920000,HEBO-LIFT 10,69.557127,19.146822,0.0,268.5,99
2025-09-19T12:42:20.724593,273397450,ESTER,70.61899,18.999697,4.0,327.8,30
2025-09-19T12:42:20.724633,304099000,CELINA,71.566182,24.09515,10.9,73.6,79
2025-09-19T12:42:20.724669,231837000,HAV SKANDIC,69.555847,18.726412,10.2,261.1,90
2025-09-19T12:42:20.724680,244057240,ZEEWOLF,69.549887,19.070168,5.4,69.9,99
2025-09-19T12:42:20.724682,308928000,SCARABEO 8,65.823178,7.715597,0.1,144.0,90
2025-09-19T12:42:20.724707,310588000,FLOATEL SUPERIOR,65.10833333333333,6.79,0.0,282.0,90
2025-09-19T12:42:20.724718,231763000,QUEST,69.6355,18.935818,0.0,221.3,60
2025-09-19T12:42:20.724728,412420561,HANYI36,78.55666666666666,32.10666666666667,36.0,46.0,30
2025-09-19T12:42:20.724732,412420597,DONGYU1519,73.74499999999999,-1.9666666666666666,54.0,44.0,99
2025-09-19T12:42:20.724754,273250820,KORD BARENTS,75.558173,20.309168,6.1,123.1,80
2025-09-19T12:42:20.724760,412421098,DONGYU1527,76.98,-1.24,17.0,437.0,30
2025-09-19T12:42:20.724762,412421136,XIN SHI JI 66,70.90333333333334,-0.9733333333333333,32.0,370.0,30
2025-09-19T12:42:20.724787,667001255,CENTURION,67.546817,8.59195,12.0,219.0,80
2025-09-19T12:42:20.724790,273251530,ANTARKTIKA,71.643,27.329,6.4,286.0,80
2025-09-19T12:42:20.724806,219017214,ESVAGT AURORA,71.34689,22.400248,0.2,19.1,99
2025-09-19T12:42:20.724815,265030590,KINFISH TENDER 2,81.82594,15.885555,0.5,175.0,90
2025-09-19T12:42:20.724834,265182000,ODEN,78.2344,15.623168,0.0,326.8,90
2025-09-19T12:42:20.724850,247229700,AIDABELLA,68.69973,15.420337,0.0,261.3,60
2025-09-19T12:42:20.724936,123222339,RONJA BOUY 5,70.934595,25.6341,0.6,0.0,0
2025-09-19T12:42:20.724945,273254860,KAPITAN TARAN,71.77166666666668,31.328333333333333,11.0,326.0,30
2025-09-19T12:42:20.724947,273254880,MECHANIC STEPANOV,70.146522,17.277745,11.7,43.0,30
2025-09-19T12:42:20.724968,352005711,GRAND EXPLORER,68.008492,14.750778,9.0,45.5,70
2025-09-19T12:42:20.724984,250400644,250400644,69.40476,18.42109,0.1,174.9,0
2025-09-19T12:42:20.725012,941500415,ELLA LOVISE 0,67.832712,12.974438,0.4,304.5,0
2025-09-19T12:42:20.725015,941500449,UNNUR BUOY 21,71.303762,30.349315,1.3,149.2,0
2025-09-19T12:42:20.725017,941500450,UNNUR BUOY 15,71.415928,30.546593,2.4,81.0,0
2025-09-19T12:42:20.725024,941500554,MAIKENJENTA BU 41,69.985688,30.265527,1.3,50.7,0
2025-09-19T12:42:20.725029,941500651,TK9 BUOY 2 66,70.598115,20.338587,1.3,281.2,0
2025-09-19T12:42:20.725036,941500801,MARIE K BUOY 97,68.577517,16.525722,0.2,15.9,0
2025-09-19T12:42:20.725039,941500813,ANTON EMILIAN 31,70.780553,26.151333,1.6,321.3,0
2025-09-19T12:42:20.725041,941500819,ANTON EMILIAN 18,70.795722,26.005812,1.2,62.1,0
2025-09-19T12:42:20.725045,941500894,BROR 4 BUOY 66,70.074208,29.741903,0.2,121.2,0
2025-09-19T12:42:20.725048,941500985,TRYGVE B BOUY 94 S,74.975603,33.17106,2.7,26.3,0
2025-09-19T12:42:20.725050,941500989,HANS BUOY 26,71.083093,27.265945,2.4,196.8,0
2025-09-19T12:42:20.725053,941501039,NEPTUN BUOY 2 95,70.83782,29.632765,1.2,293.3,0
2025-09-19T12:42:20.725055,941501040,NEPTUN BUOY 1 91,70.831487,29.684518,2.4,60.0,0
2025-09-19T12:42:20.725058,941501099,SAGA BJOERG BU 48,71.038628,28.597417,4.5,192.9,0
2025-09-19T12:42:20.725061,941501107,GK BUOY 53,71.036393,28.592878,1.8,122.5,0
2025-09-19T12:42:20.725065,413559690,RUN HAI XIANG YANG,81.74,12.453333333333335,35.0,108.0,70
2025-09-19T12:42:20.725071,109120353,RB 4 BOUY 73,69.825478,17.911947,1.5,340.0,0
2025-09-19T12:42:20.725073,109120354,RB 3 BOUY 68,69.843295,17.888083,2.7,348.5,0
2025-09-19T12:42:20.725075,109120360,RB 2 BOUY 77,69.85401,17.878783,1.9,340.9,0
2025-09-19T12:42:20.725077,109120410,NORSOL 1 15,68.992712,16.035532,1.4,258.6,0
2025-09-19T12:42:20.725079,109120421,NORSOL 3 23,68.950917,16.008292,0.6,247.9,0
2025-09-19T12:42:20.725080,109120446,SENJATIND 1 54,69.53244,18.083808,0.7,221.7,0
2025-09-19T12:42:20.725082,109120461,SENJALAND BUOY 47,69.543965,17.670275,0.0,174.3,0
2025-09-19T12:42:20.725083,109120462,KARL MARTIN BO 89,69.174085,17.949335,0.5,316.1,0
2025-09-19T12:42:20.725085,109120463,KARL MARTIN BO 80,69.158838,17.858903,7.1,66.9,0
2025-09-19T12:42:20.725118,235015732,CSB 44,69.678365,19.001343,2.2,50.4,35
2025-09-19T12:42:20.725143,218799000,MARK,72.52683,9.885672,10.7,232.8,30
2025-09-19T12:42:20.725177,992571067,NOFO DRIFTER 101965,66.160125,12.527302,2.5,141.7,90
2025-09-19T12:42:20.725214,249803000,STOC NIKE,70.68157,23.58806,0.0,261.2,89
2025-09-19T12:42:20.725226,352842000,SJOVEIEN,78.148778,14.331667,7.9,105.3,79
2025-09-19T12:42:20.725264,109050519,MUSVERINGEN 16,70.695383,30.383052,1.3,180.0,0
2025-09-19T12:42:20.725303,248221000,KEY SOUTH,66.875033,12.49575,11.8,41.6,82
2025-09-19T12:42:20.725318,109050891,SOLRUN B 3 69,70.633385,29.721808,0.2,157.8,0
2025-09-19T12:42:20.725321,109050900,SENJALIV 1 45,69.528645,18.106557,1.0,234.3,0
2025-09-19T12:42:20.725326,109050923,SARA KARIN 80,74.668047,18.780507,8.2,8.2,0
2025-09-19T12:42:20.725328,109050937,HAAVARD A 63,67.646143,15.135388,0.0,154.4,0
2025-09-19T12:42:20.725348,255915684,NCL VESTLAND,68.246348,13.145098,16.0,45.3,70
2025-09-19T12:42:20.725354,231099000,HAV NES,65.35514,12.05081,9.9,205.8,70
2025-09-19T12:42:20.725450,982470189,AIDABELLA TB 13,68.111883,13.594457,0.1,345.5,60
2025-09-19T12:42:20.725452,982470191,AIDABELLA TB15,68.12112,13.577943,8.2,126.9,60
2025-09-19T12:42:20.725453,982470192,AIDABELLA TB 16,68.113123,13.594153,0.0,277.5,60
2025-09-19T12:42:20.725455,982470194,AIDABELLA TB 18,68.111603,13.596818,3.0,241.0,60
2025-09-19T12:42:20.725490,370424000,NACC ANTIGUA,66.399002,9.300338,11.4,63.5,70
2025-09-19T12:42:20.725551,636018554,ELARA,71.21798,30.207625,10.7,311.4,70
2025-09-19T12:42:20.725603,244533000,WATERLAND,69.67972,18.998458,0.0,338.9,52
2025-09-19T12:42:20.725661,109060230,KRISTINE E,71.174892,26.48791,1.5,180.0,0
2025-09-19T12:42:20.725662,109060233,KRISTINE E,71.171493,26.4647,1.0,214.1,0
2025-09-19T12:42:20.725664,109060238,KRISTINE E,71.174375,26.478992,2.6,0.0,0
2025-09-19T12:42:20.725668,109060322,MAYA BUOY 3,71.05247,26.056697,2.2,175.2,0
2025-09-19T12:42:20.725669,109060326,AH SENIOR,70.81341,29.726408,4.1,56.8,0
2025-09-19T12:42:20.725673,109060479,VAROY BUOY 3,68.452575,13.239902,0.8,268.4,0
2025-09-19T12:42:20.725683,109060645,MAYA BUOY 2,71.064387,26.19271,2.0,118.8,0
2025-09-19T12:42:20.725689,309481000,ARCTIC DISCOVERER,70.677635,23.40592,0.0,142.9,80
2025-09-19T12:42:20.725690,109060873,ABRASON BOUY 2,70.438413,31.175187,1.0,47.5,0
2025-09-19T12:42:20.725692,109060877,ABRASON BOUY 1,70.466322,31.10952,1.8,7.0,0
2025-09-19T12:42:20.725694,941215684,HAAVARD A,67.622627,15.243805,0.9,164.2,0
2025-09-19T12:42:20.725712,219794000,NADIR,78.227875,15.615493,0.0,39.5,31
2025-09-19T12:42:20.725721,219417000,GEORG STAGE,66.447363,12.571962,6.6,126.2,36
2025-09-19T12:42:20.725738,636023140,ST.SOFIA,71.229028,30.149943,10.2,309.3,70
2025-09-19T12:42:20.725804,629009658,MAKALU,73.662445,34.801058,10.7,64.2,80
2025-09-19T12:42:20.725824,941219502,EMMA BUOY 5,70.720927,23.808072,0.1,0.0,0
2025-09-19T12:42:20.725885,372698000,FUGRO DISCOVERY,67.295295,14.389185,0.0,40.5,90
2025-09-19T12:42:20.725908,276826000,AGOT,68.689773,15.43009,0.5,171.8,70
2025-09-19T12:42:20.725910,702106000,MARCUS,69.903457,21.877392,0.0,128.7,99
2025-09-19T12:42:20.725978,111257003,NOR-004,70.0593,24.976085,0.0,348.3,99
2025-09-19T12:42:20.725980,111257010,NOR-011,67.271235,14.357075,6.0,329.4,99
2025-09-19T12:42:20.725981,111257011,NOR-012,67.271697,14.357802,0.0,219.4,99
2025-09-19T12:42:20.725997,111257506,LN-OXH,69.686008,18.914372,0.0,240.8,99
2025-09-19T12:42:20.726011,111257511,SAR AC  RESCUE 7,69.683483,18.91251,0.0,195.6,99
2025-09-19T12:42:20.726013,111257512,SAR AC RESCUE 7,69.683183,18.91261,0.0,,99
2025-09-19T12:42:20.726057,265289000,VIRGO,82.625972,22.773172,2.6,11.9,70
2025-09-19T12:42:20.726059,273435580,KAPITAN SULIMOV,71.172608,18.10683,10.0,290.1,30
2025-09-19T12:42:20.726078,311000634,YAKOV GAKKEL,69.890312,15.482378,19.3,46.2,89
2025-09-19T12:42:20.726120,273436830,LLV AZURIT,70.625478,29.701318,0.0,22.8,30
2025-09-19T12:42:20.726125,311001591,RAINBOW SPIRIT,72.311112,20.050245,1.4,90.3,80
