timestamp,mmsi,vessel_name,country,anomaly_type,severity,detected_at,details_json
2026-04-12T14:53:20.218029Z,249903000,OCEANIC,Malta,left_coverage,low,2026-04-12T14:52:07Z,"{""gap_duration_minutes"": 45.0, ""gap_start"": ""2026-04-12T14:07:07Z"", ""gap_end"": ""2026-04-12T14:52:07Z"", ""last_position"": {""lat"": 60.4134, ""lon"": 5.0177}, ""near_border"": false, ""coverage_edge"": true}"
2026-04-12T14:53:20.218029Z,273437550,VITYAZ,Russia,transmission_gap,low,2026-04-12T14:53:09Z,"{""gap_duration_minutes"": 44.4, ""gap_start"": ""2026-04-12T14:08:48Z"", ""gap_end"": ""2026-04-12T14:53:09Z"", ""last_position"": {""lat"": 70.2623, ""lon"": 17.546}, ""near_border"": false, ""coverage_edge"": false}"
2026-04-12T14:53:20.218029Z,273890200,MYS GVOZDEVA,Russia,transmission_gap,low,2026-04-12T14:28:58Z,"{""gap_duration_minutes"": 34.1, ""gap_start"": ""2026-04-12T13:54:51Z"", ""gap_end"": ""2026-04-12T14:28:58Z"", ""last_position"": {""lat"": 74.5731, ""lon"": 16.466}, ""near_border"": false, ""coverage_edge"": false}"
2026-04-12T14:53:20.218029Z,273891000,MYS KORSAKOVA,Russia,transmission_gap,low,2026-04-12T14:26:32Z,"{""gap_duration_minutes"": 31.6, ""gap_start"": ""2026-04-12T13:54:55Z"", ""gap_end"": ""2026-04-12T14:26:32Z"", ""last_position"": {""lat"": 74.5533, ""lon"": 16.5103}, ""near_border"": false, ""coverage_edge"": false}"
2026-04-12T14:53:20.218029Z,273213010,OBELIAI,Russia,transmission_gap,low,2026-04-12T14:53:11Z,"{""gap_duration_minutes"": 44.3, ""gap_start"": ""2026-04-12T14:08:51Z"", ""gap_end"": ""2026-04-12T14:53:11Z"", ""last_position"": {""lat"": 70.3256, ""lon"": 17.5917}, ""near_border"": false, ""coverage_edge"": false}"
2026-04-12T14:53:20.218029Z,273514800,LLV GEMMA,Russia,transmission_gap,low,2026-04-12T14:53:11Z,"{""gap_duration_minutes"": 44.4, ""gap_start"": ""2026-04-12T14:08:50Z"", ""gap_end"": ""2026-04-12T14:53:11Z"", ""last_position"": {""lat"": 70.5777, ""lon"": 31.6804}, ""near_border"": false, ""coverage_edge"": false}"
2026-04-12T14:53:20.218029Z,314474000,WILSON DORDRECHT,Barbados,transmission_gap,low,2026-04-12T14:51:59Z,"{""gap_duration_minutes"": 45.0, ""gap_start"": ""2026-04-12T14:07:00Z"", ""gap_end"": ""2026-04-12T14:51:59Z"", ""last_position"": {""lat"": 58.1258, ""lon"": 7.9742}, ""near_border"": false, ""coverage_edge"": false}"
2026-04-12T14:53:20.218029Z,304819000,STARNES,Antigua and Barbuda,left_coverage,low,2026-04-12T14:49:39Z,"{""gap_duration_minutes"": 42.1, ""gap_start"": ""2026-04-12T14:07:35Z"", ""gap_end"": ""2026-04-12T14:49:39Z"", ""last_position"": {""lat"": 59.3728, ""lon"": 6.0439}, ""near_border"": false, ""coverage_edge"": true}"
2026-04-12T14:53:20.218029Z,248020000,SOLA TS,Malta,transmission_gap,low,2026-04-12T14:49:37Z,"{""gap_duration_minutes"": 42.0, ""gap_start"": ""2026-04-12T14:07:37Z"", ""gap_end"": ""2026-04-12T14:49:37Z"", ""last_position"": {""lat"": 60.6175, ""lon"": 4.8621}, ""near_border"": false, ""coverage_edge"": false}"
2026-04-12T14:53:20.218029Z,249605000,CSL THAMES,Malta,transmission_gap,low,2026-04-12T14:53:03Z,"{""gap_duration_minutes"": 44.3, ""gap_start"": ""2026-04-12T14:08:44Z"", ""gap_end"": ""2026-04-12T14:53:03Z"", ""last_position"": {""lat"": 60.7538, ""lon"": 4.3031}, ""near_border"": false, ""coverage_edge"": false}"
2026-04-12T14:53:20.218029Z,229767000,ARCTIC AURORA,Malta,transmission_gap,low,2026-04-12T14:53:05Z,"{""gap_duration_minutes"": 44.2, ""gap_start"": ""2026-04-12T14:08:54Z"", ""gap_end"": ""2026-04-12T14:53:05Z"", ""last_position"": {""lat"": 71.0857, ""lon"": 21.2331}, ""near_border"": false, ""coverage_edge"": false}"
2026-04-12T14:53:20.218029Z,305425000,BULKNES,Antigua and Barbuda,transmission_gap,low,2026-04-12T14:49:06Z,"{""gap_duration_minutes"": 40.3, ""gap_start"": ""2026-04-12T14:08:48Z"", ""gap_end"": ""2026-04-12T14:49:06Z"", ""last_position"": {""lat"": 56.9685, ""lon"": 5.7858}, ""near_border"": false, ""coverage_edge"": false}"
2026-04-12T14:53:20.218029Z,273291510,NORVEZHSKOE MORE,Russia,transmission_gap,low,2026-04-12T14:53:04Z,"{""gap_duration_minutes"": 44.3, ""gap_start"": ""2026-04-12T14:08:46Z"", ""gap_end"": ""2026-04-12T14:53:04Z"", ""last_position"": {""lat"": 71.1525, ""lon"": 21.8133}, ""near_border"": false, ""coverage_edge"": false}"
2026-04-12T14:53:20.218029Z,314628000,WILSON HORTEN,Barbados,transmission_gap,low,2026-04-12T14:53:08Z,"{""gap_duration_minutes"": 44.4, ""gap_start"": ""2026-04-12T14:08:45Z"", ""gap_end"": ""2026-04-12T14:53:08Z"", ""last_position"": {""lat"": 66.2624, ""lon"": 12.3669}, ""near_border"": false, ""coverage_edge"": false}"
2026-04-12T14:53:20.218029Z,305426000,BELTNES,Antigua and Barbuda,transmission_gap,medium,2026-04-12T14:53:12.970201Z,"{""gap_duration_minutes"": 44.3, ""gap_start"": ""2026-04-12T14:08:56.080056Z"", ""gap_end"": ""2026-04-12T14:53:12.970201Z"", ""last_position"": {""lat"": 56.2633, ""lon"": 3.7368}, ""near_border"": true, ""coverage_edge"": false}"
2026-04-12T14:53:20.218029Z,671568100,BJARNI SAEMUNDSSON,Togo,left_coverage,low,2026-04-12T14:50:55Z,"{""gap_duration_minutes"": 45.0, ""gap_start"": ""2026-04-12T14:05:54Z"", ""gap_end"": ""2026-04-12T14:50:55Z"", ""last_position"": {""lat"": 63.1196, ""lon"": 7.7349}, ""near_border"": false, ""coverage_edge"": true}"
2026-04-12T14:53:20.218029Z,273217010,BOOTES,Russia,transmission_gap,low,2026-04-12T14:53:11Z,"{""gap_duration_minutes"": 44.3, ""gap_start"": ""2026-04-12T14:08:51Z"", ""gap_end"": ""2026-04-12T14:53:11Z"", ""last_position"": {""lat"": 70.776, ""lon"": 19.6876}, ""near_border"": false, ""coverage_edge"": false}"
2026-04-12T14:53:20.218029Z,215211000,KEY FIGHTER,Malta,transmission_gap,low,2026-04-12T14:51:32Z,"{""gap_duration_minutes"": 48.0, ""gap_start"": ""2026-04-12T14:03:30Z"", ""gap_end"": ""2026-04-12T14:51:32Z"", ""last_position"": {""lat"": 58.9432, ""lon"": 5.7549}, ""near_border"": false, ""coverage_edge"": false}"
2026-04-12T14:53:20.218029Z,273294400,KIEV,Russia,transmission_gap,low,2026-04-12T14:53:09Z,"{""gap_duration_minutes"": 44.3, ""gap_start"": ""2026-04-12T14:08:49Z"", ""gap_end"": ""2026-04-12T14:53:09Z"", ""last_position"": {""lat"": 70.2924, ""lon"": 18.0099}, ""near_border"": false, ""coverage_edge"": false}"
2026-04-12T14:53:20.218029Z,304146000,KARIN LEHMANN,Antigua and Barbuda,transmission_gap,low,2026-04-12T14:53:07Z,"{""gap_duration_minutes"": 44.3, ""gap_start"": ""2026-04-12T14:08:47Z"", ""gap_end"": ""2026-04-12T14:53:07Z"", ""last_position"": {""lat"": 64.4048, ""lon"": 9.4852}, ""near_border"": false, ""coverage_edge"": false}"
2026-04-12T14:53:20.218029Z,334923000,GOR,Honduras,left_coverage,low,2026-04-12T14:53:07Z,"{""gap_duration_minutes"": 45.0, ""gap_start"": ""2026-04-12T14:08:07Z"", ""gap_end"": ""2026-04-12T14:53:07Z"", ""last_position"": {""lat"": 62.3178, ""lon"": 5.8527}, ""near_border"": false, ""coverage_edge"": true}"
2026-04-12T14:53:20.218029Z,273296480,ZAPOLYARYE,Russia,transmission_gap,low,2026-04-12T14:31:25Z,"{""gap_duration_minutes"": 35.3, ""gap_start"": ""2026-04-12T13:56:08Z"", ""gap_end"": ""2026-04-12T14:31:25Z"", ""last_position"": {""lat"": 74.5943, ""lon"": 16.6149}, ""near_border"": false, ""coverage_edge"": false}"
2026-04-12T14:53:20.218029Z,314633000,WILSON DROGHEDA,Barbados,transmission_gap,low,2026-04-12T14:50:19Z,"{""gap_duration_minutes"": 41.5, ""gap_start"": ""2026-04-12T14:08:52Z"", ""gap_end"": ""2026-04-12T14:50:19Z"", ""last_position"": {""lat"": 57.6692, ""lon"": 5.8794}, ""near_border"": false, ""coverage_edge"": false}"
2026-04-12T14:53:20.218029Z,273448120,SEVERYANIN 2,Russia,transmission_gap,low,2026-04-12T14:53:09Z,"{""gap_duration_minutes"": 44.2, ""gap_start"": ""2026-04-12T14:08:54Z"", ""gap_end"": ""2026-04-12T14:53:09Z"", ""last_position"": {""lat"": 71.1831, ""lon"": 21.7032}, ""near_border"": false, ""coverage_edge"": false}"
2026-04-12T14:53:20.218029Z,273297700,KARELIA,Russia,left_coverage,low,2026-04-12T14:50:23Z,"{""gap_duration_minutes"": 42.0, ""gap_start"": ""2026-04-12T14:08:22Z"", ""gap_end"": ""2026-04-12T14:50:23Z"", ""last_position"": {""lat"": 58.4448, ""lon"": 5.9854}, ""near_border"": false, ""coverage_edge"": true}"
2026-04-12T14:53:20.218029Z,273298620,DMITRY KOZHARSKIY,Russia,transmission_gap,low,2026-04-12T14:53:10Z,"{""gap_duration_minutes"": 44.4, ""gap_start"": ""2026-04-12T14:08:48Z"", ""gap_end"": ""2026-04-12T14:53:10Z"", ""last_position"": {""lat"": 70.9875, ""lon"": 21.0771}, ""near_border"": false, ""coverage_edge"": false}"
2026-04-12T14:53:20.218029Z,273374920,PROEKT-1,Russia,transmission_gap,low,2026-04-12T14:53:11Z,"{""gap_duration_minutes"": 44.3, ""gap_start"": ""2026-04-12T14:08:51Z"", ""gap_end"": ""2026-04-12T14:53:11Z"", ""last_position"": {""lat"": 69.708, ""lon"": 16.6529}, ""near_border"": false, ""coverage_edge"": false}"
2026-04-12T14:53:20.218029Z,248483000,ATLANTIS ALMERIA,Malta,transmission_gap,low,2026-04-12T14:53:07Z,"{""gap_duration_minutes"": 44.3, ""gap_start"": ""2026-04-12T14:08:47Z"", ""gap_end"": ""2026-04-12T14:53:07Z"", ""last_position"": {""lat"": 58.2195, ""lon"": 4.7075}, ""near_border"": false, ""coverage_edge"": false}"
2026-04-12T14:53:20.218029Z,273450850,VLADIMIR ZAGOSKIN,Russia,transmission_gap,low,2026-04-12T14:31:12Z,"{""gap_duration_minutes"": 35.3, ""gap_start"": ""2026-04-12T13:55:52Z"", ""gap_end"": ""2026-04-12T14:31:12Z"", ""last_position"": {""lat"": 71.651, ""lon"": 16.2042}, ""near_border"": false, ""coverage_edge"": false}"
2026-04-12T14:53:20.218029Z,412999999,1,China,transmission_gap,low,2026-04-12T14:52:49Z,"{""gap_duration_minutes"": 44.0, ""gap_start"": ""2026-04-12T14:08:47Z"", ""gap_end"": ""2026-04-12T14:52:49Z"", ""last_position"": {""lat"": 70.4274, ""lon"": 31.2845}, ""near_border"": false, ""coverage_edge"": false}"
2026-04-12T14:53:20.218029Z,576988000,REMBRANDT VAN RIJN,Vanuatu,transmission_gap,low,2026-04-12T14:53:08Z,"{""gap_duration_minutes"": 44.3, ""gap_start"": ""2026-04-12T14:08:48Z"", ""gap_end"": ""2026-04-12T14:53:08Z"", ""last_position"": {""lat"": 63.4548, ""lon"": 4.1175}, ""near_border"": false, ""coverage_edge"": false}"
2026-04-12T14:53:20.218029Z,314262000,WILSON WAAL,Barbados,left_coverage,low,2026-04-12T14:51:01Z,"{""gap_duration_minutes"": 45.0, ""gap_start"": ""2026-04-12T14:06:01Z"", ""gap_end"": ""2026-04-12T14:51:01Z"", ""last_position"": {""lat"": 59.0312, ""lon"": 5.6892}, ""near_border"": false, ""coverage_edge"": true}"
2026-04-12T14:53:20.218029Z,314036000,WILSON ROTTERDAM,Barbados,transmission_gap,low,2026-04-12T14:53:06Z,"{""gap_duration_minutes"": 44.3, ""gap_start"": ""2026-04-12T14:08:47Z"", ""gap_end"": ""2026-04-12T14:53:06Z"", ""last_position"": {""lat"": 57.8527, ""lon"": 6.5447}, ""near_border"": false, ""coverage_edge"": false}"
2026-04-12T14:53:20.218029Z,305287000,NEUENFELDE,Antigua and Barbuda,transmission_gap,low,2026-04-12T14:52:53Z,"{""gap_duration_minutes"": 45.2, ""gap_start"": ""2026-04-12T14:07:43Z"", ""gap_end"": ""2026-04-12T14:52:53Z"", ""last_position"": {""lat"": 59.0389, ""lon"": 10.0403}, ""near_border"": false, ""coverage_edge"": false}"
2026-04-12T14:53:20.218029Z,341494001,SARWELLE 1,Saint Kitts and Nevis,transmission_gap,low,2026-04-12T14:53:07Z,"{""gap_duration_minutes"": 44.3, ""gap_start"": ""2026-04-12T14:08:47Z"", ""gap_end"": ""2026-04-12T14:53:07Z"", ""last_position"": {""lat"": 64.1378, ""lon"": 8.0344}, ""near_border"": false, ""coverage_edge"": false}"
2026-04-12T14:53:20.218029Z,305966000,PREGOL HAV,Antigua and Barbuda,transmission_gap,low,2026-04-12T14:53:04Z,"{""gap_duration_minutes"": 44.2, ""gap_start"": ""2026-04-12T14:08:54Z"", ""gap_end"": ""2026-04-12T14:53:04Z"", ""last_position"": {""lat"": 58.3024, ""lon"": 5.2652}, ""near_border"": false, ""coverage_edge"": false}"
2026-04-12T14:53:20.218029Z,374987000,JEWEL,Panama,transmission_gap,low,2026-04-12T14:53:12.970201Z,"{""gap_duration_minutes"": 44.3, ""gap_start"": ""2026-04-12T14:08:56.080056Z"", ""gap_end"": ""2026-04-12T14:53:12.970201Z"", ""last_position"": {""lat"": 60.3678, ""lon"": 1.9854}, ""near_border"": false, ""coverage_edge"": false}"
2026-04-12T14:53:20.218029Z,304011025,ZEUS,Antigua and Barbuda,left_coverage,low,2026-04-12T14:51:18Z,"{""gap_duration_minutes"": 47.0, ""gap_start"": ""2026-04-12T14:04:20Z"", ""gap_end"": ""2026-04-12T14:51:18Z"", ""last_position"": {""lat"": 66.2135, ""lon"": 13.0072}, ""near_border"": false, ""coverage_edge"": true}"
2026-04-12T14:53:20.218029Z,304011027,THESEUS,Antigua and Barbuda,transmission_gap,low,2026-04-12T14:53:12.970201Z,"{""gap_duration_minutes"": 53.3, ""gap_start"": ""2026-04-12T13:59:55.626914Z"", ""gap_end"": ""2026-04-12T14:53:12.970201Z"", ""last_position"": {""lat"": 58.185, ""lon"": 3.193}, ""near_border"": false, ""coverage_edge"": false}"
2026-04-12T14:53:20.218029Z,304011028,NESTOR,Antigua and Barbuda,transmission_gap,low,2026-04-12T14:53:05Z,"{""gap_duration_minutes"": 44.4, ""gap_start"": ""2026-04-12T14:08:44Z"", ""gap_end"": ""2026-04-12T14:53:05Z"", ""last_position"": {""lat"": 57.2213, ""lon"": 6.217}, ""near_border"": false, ""coverage_edge"": false}"
2026-04-12T14:53:20.218029Z,375219000,LOLA1,Saint Vincent and the Grenadines,left_coverage,low,2026-04-12T14:51:46Z,"{""gap_duration_minutes"": 45.0, ""gap_start"": ""2026-04-12T14:06:45Z"", ""gap_end"": ""2026-04-12T14:51:46Z"", ""last_position"": {""lat"": 59.3999, ""lon"": 5.2641}, ""near_border"": false, ""coverage_edge"": true}"
2026-04-12T14:53:20.218029Z,273613930,BELOYE MORE,Russia,transmission_gap,low,2026-04-12T14:53:03Z,"{""gap_duration_minutes"": 44.2, ""gap_start"": ""2026-04-12T14:08:51Z"", ""gap_end"": ""2026-04-12T14:53:03Z"", ""last_position"": {""lat"": 70.2557, ""lon"": 17.7261}, ""near_border"": false, ""coverage_edge"": false}"
2026-04-12T14:53:20.218029Z,273312270,STRELETS,Russia,transmission_gap,low,2026-04-12T14:28:56Z,"{""gap_duration_minutes"": 33.5, ""gap_start"": ""2026-04-12T13:55:27Z"", ""gap_end"": ""2026-04-12T14:28:56Z"", ""last_position"": {""lat"": 74.6022, ""lon"": 16.4708}, ""near_border"": false, ""coverage_edge"": false}"
2026-04-12T14:53:20.218029Z,248043000,AMUR STAR,Malta,transmission_gap,low,2026-04-12T14:53:01Z,"{""gap_duration_minutes"": 44.1, ""gap_start"": ""2026-04-12T14:08:52Z"", ""gap_end"": ""2026-04-12T14:53:01Z"", ""last_position"": {""lat"": 60.3414, ""lon"": 2.7556}, ""near_border"": false, ""coverage_edge"": false}"
2026-04-12T14:53:20.218029Z,305371000,FEED TRONDHEIM,Antigua and Barbuda,transmission_gap,low,2026-04-12T14:53:03Z,"{""gap_duration_minutes"": 44.2, ""gap_start"": ""2026-04-12T14:08:53Z"", ""gap_end"": ""2026-04-12T14:53:03Z"", ""last_position"": {""lat"": 60.9383, ""lon"": 4.6625}, ""near_border"": false, ""coverage_edge"": false}"
2026-04-12T14:53:20.218029Z,215382000,ZEUGMAN,Malta,transmission_gap,low,2026-04-12T14:53:08Z,"{""gap_duration_minutes"": 44.3, ""gap_start"": ""2026-04-12T14:08:48Z"", ""gap_end"": ""2026-04-12T14:53:08Z"", ""last_position"": {""lat"": 66.8403, ""lon"": 13.2868}, ""near_border"": false, ""coverage_edge"": false}"
2026-04-12T14:53:20.218029Z,304089000,FOKKO UKENA,Antigua and Barbuda,left_coverage,low,2026-04-12T14:50:20Z,"{""gap_duration_minutes"": 42.0, ""gap_start"": ""2026-04-12T14:08:20Z"", ""gap_end"": ""2026-04-12T14:50:20Z"", ""last_position"": {""lat"": 59.1914, ""lon"": 10.9503}, ""near_border"": false, ""coverage_edge"": true}"
2026-04-12T14:53:20.218029Z,538001388,GULF ENERGY,Marshall Islands,left_coverage,low,2026-04-12T14:52:46Z,"{""gap_duration_minutes"": 45.0, ""gap_start"": ""2026-04-12T14:07:48Z"", ""gap_end"": ""2026-04-12T14:52:46Z"", ""last_position"": {""lat"": 59.3591, ""lon"": 5.3}, ""near_border"": false, ""coverage_edge"": true}"
2026-04-12T14:53:20.218029Z,273616700,GANDVIK-1,Russia,transmission_gap,low,2026-04-12T14:52:59Z,"{""gap_duration_minutes"": 44.2, ""gap_start"": ""2026-04-12T14:08:48Z"", ""gap_end"": ""2026-04-12T14:52:59Z"", ""last_position"": {""lat"": 71.9448, ""lon"": 23.2322}, ""near_border"": false, ""coverage_edge"": false}"
2026-04-12T14:53:20.218029Z,376128000,FFS ATLAS,Saint Vincent and the Grenadines,left_coverage,low,2026-04-12T14:52:37Z,"{""gap_duration_minutes"": 45.1, ""gap_start"": ""2026-04-12T14:07:32Z"", ""gap_end"": ""2026-04-12T14:52:37Z"", ""last_position"": {""lat"": 58.0816, ""lon"": 6.7859}, ""near_border"": false, ""coverage_edge"": true}"
2026-04-12T14:53:20.218029Z,305299000,BJORG,Antigua and Barbuda,transmission_gap,low,2026-04-12T14:51:46Z,"{""gap_duration_minutes"": 45.0, ""gap_start"": ""2026-04-12T14:06:47Z"", ""gap_end"": ""2026-04-12T14:51:46Z"", ""last_position"": {""lat"": 59.4276, ""lon"": 10.6568}, ""near_border"": false, ""coverage_edge"": false}"
2026-04-12T14:53:20.218029Z,325137500,MS FARM,Dominica,transmission_gap,low,2026-04-12T14:53:03Z,"{""gap_duration_minutes"": 44.5, ""gap_start"": ""2026-04-12T14:08:33Z"", ""gap_end"": ""2026-04-12T14:53:03Z"", ""last_position"": {""lat"": 78.3421, ""lon"": 14.5177}, ""near_border"": false, ""coverage_edge"": false}"
2026-04-12T14:53:20.218029Z,538004342,LMZ PLUTO,Marshall Islands,left_coverage,low,2026-04-12T14:53:03Z,"{""gap_duration_minutes"": 44.2, ""gap_start"": ""2026-04-12T14:08:52Z"", ""gap_end"": ""2026-04-12T14:53:03Z"", ""last_position"": {""lat"": 63.078, ""lon"": 7.6711}, ""near_border"": false, ""coverage_edge"": true}"
2026-04-12T14:53:20.218029Z,538004905,TO.SPITSBERGEN,Marshall Islands,transmission_gap,medium,2026-04-12T14:30:22Z,"{""gap_duration_minutes"": 93.0, ""gap_start"": ""2026-04-12T12:57:22Z"", ""gap_end"": ""2026-04-12T14:30:22Z"", ""last_position"": {""lat"": 64.8433, ""lon"": 6.55}, ""near_border"": false, ""coverage_edge"": false}"
2026-04-12T14:53:20.218029Z,304018000,FJORD,Antigua and Barbuda,transmission_gap,low,2026-04-12T14:50:23Z,"{""gap_duration_minutes"": 41.5, ""gap_start"": ""2026-04-12T14:08:52Z"", ""gap_end"": ""2026-04-12T14:50:23Z"", ""last_position"": {""lat"": 58.3152, ""lon"": 6.2544}, ""near_border"": false, ""coverage_edge"": false}"
2026-04-12T14:53:20.218029Z,538005072,YENISEI RIVER,Marshall Islands,transmission_gap,low,2026-04-12T14:53:05Z,"{""gap_duration_minutes"": 44.3, ""gap_start"": ""2026-04-12T14:08:46Z"", ""gap_end"": ""2026-04-12T14:53:05Z"", ""last_position"": {""lat"": 71.9373, ""lon"": 28.7091}, ""near_border"": false, ""coverage_edge"": false}"
2026-04-12T14:53:20.218029Z,538005350,CLEAN OCEAN,Marshall Islands,transmission_gap,low,2026-04-12T14:53:09Z,"{""gap_duration_minutes"": 44.3, ""gap_start"": ""2026-04-12T14:08:50Z"", ""gap_end"": ""2026-04-12T14:53:09Z"", ""last_position"": {""lat"": 72.1202, ""lon"": 24.4911}, ""near_border"": false, ""coverage_edge"": false}"
2026-04-12T14:53:20.218029Z,538005351,CLEAN PLANET,Marshall Islands,transmission_gap,low,2026-04-12T14:53:07Z,"{""gap_duration_minutes"": 44.4, ""gap_start"": ""2026-04-12T14:08:45Z"", ""gap_end"": ""2026-04-12T14:53:07Z"", ""last_position"": {""lat"": 72.0227, ""lon"": 23.1834}, ""near_border"": false, ""coverage_edge"": false}"
2026-04-12T14:53:20.218029Z,538005698,URSA MINOR,Marshall Islands,transmission_gap,low,2026-04-12T14:53:02Z,"{""gap_duration_minutes"": 44.2, ""gap_start"": ""2026-04-12T14:08:52Z"", ""gap_end"": ""2026-04-12T14:53:02Z"", ""last_position"": {""lat"": 70.3987, ""lon"": 16.7393}, ""near_border"": false, ""coverage_edge"": false}"
2026-04-12T14:53:20.218029Z,314655000,FLUVIUS OTTER,Barbados,transmission_gap,low,2026-04-12T14:52:51Z,"{""gap_duration_minutes"": 45.0, ""gap_start"": ""2026-04-12T14:07:48Z"", ""gap_end"": ""2026-04-12T14:52:51Z"", ""last_position"": {""lat"": 59.0888, ""lon"": 5.9043}, ""near_border"": false, ""coverage_edge"": false}"
2026-04-12T14:53:20.218029Z,538006218,NOBLE GREATWHITE,Marshall Islands,left_coverage,low,2026-04-12T14:51:41Z,"{""gap_duration_minutes"": 45.2, ""gap_start"": ""2026-04-12T14:06:27Z"", ""gap_end"": ""2026-04-12T14:51:41Z"", ""last_position"": {""lat"": 60.4374, ""lon"": 5.1039}, ""near_border"": false, ""coverage_edge"": true}"
2026-04-12T14:53:20.218029Z,538006249,ECO ROYALTY,Marshall Islands,transmission_gap,low,2026-04-12T14:53:03Z,"{""gap_duration_minutes"": 44.3, ""gap_start"": ""2026-04-12T14:08:43Z"", ""gap_end"": ""2026-04-12T14:53:03Z"", ""last_position"": {""lat"": 57.6051, ""lon"": 6.0294}, ""near_border"": false, ""coverage_edge"": false}"
2026-04-12T14:53:20.218029Z,312543000,SULEFISK,Belize,left_coverage,low,2026-04-12T14:52:15Z,"{""gap_duration_minutes"": 45.0, ""gap_start"": ""2026-04-12T14:07:16Z"", ""gap_end"": ""2026-04-12T14:52:15Z"", ""last_position"": {""lat"": 61.0838, ""lon"": 4.8753}, ""near_border"": false, ""coverage_edge"": true}"
2026-04-12T14:53:20.218029Z,352898701,HAVVA KARABEKIR,Panama,left_coverage,low,2026-04-12T14:53:02Z,"{""gap_duration_minutes"": 44.1, ""gap_start"": ""2026-04-12T14:08:53Z"", ""gap_end"": ""2026-04-12T14:53:02Z"", ""last_position"": {""lat"": 59.0615, ""lon"": 9.6393}, ""near_border"": false, ""coverage_edge"": true}"
2026-04-12T14:53:20.218029Z,538006470,FEDERAL CLYDE,Marshall Islands,transmission_gap,low,2026-04-12T14:52:34Z,"{""gap_duration_minutes"": 45.0, ""gap_start"": ""2026-04-12T14:07:34Z"", ""gap_end"": ""2026-04-12T14:52:34Z"", ""last_position"": {""lat"": 58.083, ""lon"": 6.8008}, ""near_border"": false, ""coverage_edge"": false}"
2026-04-12T14:53:20.218029Z,538006772,FRONT JAGUAR,Marshall Islands,transmission_gap,low,2026-04-12T14:53:09Z,"{""gap_duration_minutes"": 44.4, ""gap_start"": ""2026-04-12T14:08:48Z"", ""gap_end"": ""2026-04-12T14:53:09Z"", ""last_position"": {""lat"": 61.0514, ""lon"": 3.9691}, ""near_border"": false, ""coverage_edge"": false}"
2026-04-12T14:53:20.218029Z,538006821,IVER AMBASSADOR,Marshall Islands,transmission_gap,low,2026-04-12T14:53:05Z,"{""gap_duration_minutes"": 44.3, ""gap_start"": ""2026-04-12T14:08:46Z"", ""gap_end"": ""2026-04-12T14:53:05Z"", ""last_position"": {""lat"": 65.991, ""lon"": 12.9049}, ""near_border"": false, ""coverage_edge"": false}"
2026-04-12T14:53:20.218029Z,538006940,CAPTAIN MIKE,Marshall Islands,transmission_gap,low,2026-04-12T14:31:26Z,"{""gap_duration_minutes"": 30.4, ""gap_start"": ""2026-04-12T14:01:05Z"", ""gap_end"": ""2026-04-12T14:31:26Z"", ""last_position"": {""lat"": 67.6977, ""lon"": 9.3192}, ""near_border"": false, ""coverage_edge"": false}"
2026-04-12T14:53:20.218029Z,372059000,INDIGO ACE,Panama,transmission_gap,low,2026-04-12T14:50:58Z,"{""gap_duration_minutes"": 45.0, ""gap_start"": ""2026-04-12T14:06:00Z"", ""gap_end"": ""2026-04-12T14:50:58Z"", ""last_position"": {""lat"": 68.4163, ""lon"": 17.4171}, ""near_border"": false, ""coverage_edge"": false}"
2026-04-12T14:53:20.218029Z,375378000,BOA SUND,Saint Vincent and the Grenadines,transmission_gap,low,2026-04-12T14:51:13Z,"{""gap_duration_minutes"": 45.2, ""gap_start"": ""2026-04-12T14:06:02Z"", ""gap_end"": ""2026-04-12T14:51:13Z"", ""last_position"": {""lat"": 59.0366, ""lon"": 9.7148}, ""near_border"": false, ""coverage_edge"": false}"
2026-04-12T14:53:20.218029Z,305982000,SIEGFRIED LEHMANN,Antigua and Barbuda,transmission_gap,low,2026-04-12T14:53:03Z,"{""gap_duration_minutes"": 44.2, ""gap_start"": ""2026-04-12T14:08:51Z"", ""gap_end"": ""2026-04-12T14:53:03Z"", ""last_position"": {""lat"": 61.8204, ""lon"": 4.4436}, ""near_border"": false, ""coverage_edge"": false}"
2026-04-12T14:53:20.218029Z,538007873,SEACOR YANGTZE,Marshall Islands,left_coverage,low,2026-04-12T14:43:13Z,"{""gap_duration_minutes"": 36.0, ""gap_start"": ""2026-04-12T14:07:15Z"", ""gap_end"": ""2026-04-12T14:43:13Z"", ""last_position"": {""lat"": 62.3243, ""lon"": 5.842}, ""near_border"": false, ""coverage_edge"": true}"
2026-04-12T14:53:20.218029Z,538007874,SEACOR   OHIO,Marshall Islands,transmission_gap,low,2026-04-12T14:52:55Z,"{""gap_duration_minutes"": 44.1, ""gap_start"": ""2026-04-12T14:08:46Z"", ""gap_end"": ""2026-04-12T14:52:55Z"", ""last_position"": {""lat"": 58.9781, ""lon"": 5.547}, ""near_border"": false, ""coverage_edge"": false}"
2026-04-12T14:53:20.218029Z,538007928,TRANSOCEAN NORGE,Marshall Islands,left_coverage,low,2026-04-12T14:53:12.970201Z,"{""gap_duration_minutes"": 44.3, ""gap_start"": ""2026-04-12T14:08:56.080056Z"", ""gap_end"": ""2026-04-12T14:53:12.970201Z"", ""last_position"": {""lat"": 65.5168, ""lon"": 7.2019}, ""near_border"": false, ""coverage_edge"": true}"
2026-04-12T14:53:20.218029Z,538009160,SHANDONG DE TAI,Marshall Islands,transmission_gap,medium,2026-04-12T14:26:27Z,"{""gap_duration_minutes"": 130.2, ""gap_start"": ""2026-04-12T12:16:18Z"", ""gap_end"": ""2026-04-12T14:26:27Z"", ""last_position"": {""lat"": 63.7333, ""lon"": 0.4483}, ""near_border"": false, ""coverage_edge"": false}"
2026-04-12T14:53:20.218029Z,538009752,GENCO MARY,Marshall Islands,left_coverage,low,2026-04-12T14:52:29Z,"{""gap_duration_minutes"": 45.0, ""gap_start"": ""2026-04-12T14:07:29Z"", ""gap_end"": ""2026-04-12T14:52:29Z"", ""last_position"": {""lat"": 59.1222, ""lon"": 9.6154}, ""near_border"": false, ""coverage_edge"": true}"
2026-04-12T14:53:20.218029Z,538009766,CS CHONGQING,Marshall Islands,transmission_gap,low,2026-04-12T14:53:03Z,"{""gap_duration_minutes"": 44.3, ""gap_start"": ""2026-04-12T14:08:44Z"", ""gap_end"": ""2026-04-12T14:53:03Z"", ""last_position"": {""lat"": 66.4066, ""lon"": 10.9852}, ""near_border"": false, ""coverage_edge"": false}"
2026-04-12T14:53:20.218029Z,538009992,KARPATHOS DAWN,Marshall Islands,transmission_gap,low,2026-04-12T14:53:07Z,"{""gap_duration_minutes"": 44.3, ""gap_start"": ""2026-04-12T14:08:48Z"", ""gap_end"": ""2026-04-12T14:53:07Z"", ""last_position"": {""lat"": 71.4457, ""lon"": 29.2099}, ""near_border"": false, ""coverage_edge"": false}"
2026-04-12T14:53:20.218029Z,273398650,SIYANIE SEVERA,Russia,transmission_gap,low,2026-04-12T14:53:12.970201Z,"{""gap_duration_minutes"": 44.3, ""gap_start"": ""2026-04-12T14:08:56.080056Z"", ""gap_end"": ""2026-04-12T14:53:12.970201Z"", ""last_position"": {""lat"": 65.6596, ""lon"": 6.8762}, ""near_border"": false, ""coverage_edge"": false}"
2026-04-12T14:53:20.218029Z,314584000,WILSON ODRA,Barbados,transmission_gap,low,2026-04-12T14:53:07Z,"{""gap_duration_minutes"": 44.3, ""gap_start"": ""2026-04-12T14:08:47Z"", ""gap_end"": ""2026-04-12T14:53:07Z"", ""last_position"": {""lat"": 61.1732, ""lon"": 6.6228}, ""near_border"": false, ""coverage_edge"": false}"
2026-04-12T14:53:20.218029Z,538010630,NOBLE INTEGRATOR,Marshall Islands,transmission_gap,high,2026-04-12T14:28:36Z,"{""gap_duration_minutes"": 771.0, ""gap_start"": ""2026-04-12T01:37:34Z"", ""gap_end"": ""2026-04-12T14:28:36Z"", ""last_position"": {""lat"": 59.87, ""lon"": 2.5667}, ""near_border"": false, ""coverage_edge"": false}"
2026-04-12T14:53:20.218029Z,538010632,NOBLE INVINCIBLE,Marshall Islands,left_coverage,low,2026-04-12T14:53:12.970201Z,"{""gap_duration_minutes"": 45.5, ""gap_start"": ""2026-04-12T14:07:43.790697Z"", ""gap_end"": ""2026-04-12T14:53:12.970201Z"", ""last_position"": {""lat"": 56.2746, ""lon"": 3.3996}, ""near_border"": true, ""coverage_edge"": true}"
2026-04-12T14:53:20.218029Z,538010662,NOBLE INTERCEPTOR,Marshall Islands,transmission_gap,low,2026-04-12T14:53:03Z,"{""gap_duration_minutes"": 44.2, ""gap_start"": ""2026-04-12T14:08:53Z"", ""gap_end"": ""2026-04-12T14:53:03Z"", ""last_position"": {""lat"": 58.2323, ""lon"": 5.6819}, ""near_border"": false, ""coverage_edge"": false}"
2026-04-12T14:53:20.218029Z,249110000,PIONEERING SPIRIT,Malta,transmission_gap,low,2026-04-12T14:53:08Z,"{""gap_duration_minutes"": 44.3, ""gap_start"": ""2026-04-12T14:08:48Z"", ""gap_end"": ""2026-04-12T14:53:08Z"", ""last_position"": {""lat"": 60.6622, ""lon"": 3.712}, ""near_border"": false, ""coverage_edge"": false}"
2026-04-12T14:53:20.218029Z,538011246,FEDERAL LEXI ROSE,Marshall Islands,left_coverage,low,2026-04-12T14:50:28Z,"{""gap_duration_minutes"": 42.0, ""gap_start"": ""2026-04-12T14:08:28Z"", ""gap_end"": ""2026-04-12T14:50:28Z"", ""last_position"": {""lat"": 59.1157, ""lon"": 9.6079}, ""near_border"": false, ""coverage_edge"": true}"
2026-04-12T14:53:20.218029Z,314208000,WILSON HUSUM,Barbados,transmission_gap,low,2026-04-12T14:53:05Z,"{""gap_duration_minutes"": 44.3, ""gap_start"": ""2026-04-12T14:08:45Z"", ""gap_end"": ""2026-04-12T14:53:05Z"", ""last_position"": {""lat"": 66.394, ""lon"": 10.7593}, ""near_border"": false, ""coverage_edge"": false}"
2026-04-12T14:53:20.218029Z,248886000,TRANS FJELL,Malta,transmission_gap,low,2026-04-12T14:53:06Z,"{""gap_duration_minutes"": 44.3, ""gap_start"": ""2026-04-12T14:08:46Z"", ""gap_end"": ""2026-04-12T14:53:06Z"", ""last_position"": {""lat"": 58.3703, ""lon"": 5.7134}, ""near_border"": false, ""coverage_edge"": false}"
2026-04-12T14:53:20.218029Z,413252690,HUA YU HAI 9,China,transmission_gap,high,2026-04-12T09:23:55Z,"{""gap_duration_minutes"": 363.0, ""gap_start"": ""2026-04-12T03:20:57Z"", ""gap_end"": ""2026-04-12T09:23:55Z"", ""last_position"": {""lat"": 82.54, ""lon"": 9.6}, ""near_border"": false, ""coverage_edge"": false}"
2026-04-12T14:53:20.218029Z,304783000,SANDNES,Antigua and Barbuda,transmission_gap,low,2026-04-12T14:53:08Z,"{""gap_duration_minutes"": 44.3, ""gap_start"": ""2026-04-12T14:08:48Z"", ""gap_end"": ""2026-04-12T14:53:08Z"", ""last_position"": {""lat"": 59.0675, ""lon"": 5.2473}, ""near_border"": false, ""coverage_edge"": false}"
2026-04-12T14:53:20.218029Z,273554600,GULDRANGUR,Russia,transmission_gap,low,2026-04-12T14:35:33Z,"{""gap_duration_minutes"": 45.3, ""gap_start"": ""2026-04-12T13:50:14Z"", ""gap_end"": ""2026-04-12T14:35:33Z"", ""last_position"": {""lat"": 70.4643, ""lon"": 17.3873}, ""near_border"": false, ""coverage_edge"": false}"
2026-04-12T14:53:20.218029Z,273254770,PIONEER,Russia,transmission_gap,low,2026-04-12T14:53:06Z,"{""gap_duration_minutes"": 44.3, ""gap_start"": ""2026-04-12T14:08:46Z"", ""gap_end"": ""2026-04-12T14:53:06Z"", ""last_position"": {""lat"": 61.0231, ""lon"": 4.0234}, ""near_border"": false, ""coverage_edge"": false}"
2026-04-12T14:53:20.218029Z,248891000,KEY MARMARA,Malta,transmission_gap,low,2026-04-12T14:53:10Z,"{""gap_duration_minutes"": 44.3, ""gap_start"": ""2026-04-12T14:08:50Z"", ""gap_end"": ""2026-04-12T14:53:10Z"", ""last_position"": {""lat"": 64.7919, ""lon"": 9.1728}, ""near_border"": false, ""coverage_edge"": false}"
2026-04-12T14:53:20.218029Z,373277000,ALEXOS,Panama,transmission_gap,low,2026-04-12T14:53:10Z,"{""gap_duration_minutes"": 44.4, ""gap_start"": ""2026-04-12T14:08:48Z"", ""gap_end"": ""2026-04-12T14:53:10Z"", ""last_position"": {""lat"": 62.0593, ""lon"": 4.0047}, ""near_border"": false, ""coverage_edge"": false}"
2026-04-12T14:53:20.218029Z,354721000,BALDER,Panama,left_coverage,low,2026-04-12T14:53:12.970201Z,"{""gap_duration_minutes"": 44.3, ""gap_start"": ""2026-04-12T14:08:56.080056Z"", ""gap_end"": ""2026-04-12T14:53:12.970201Z"", ""last_position"": {""lat"": 59.5739, ""lon"": 2.2148}, ""near_border"": false, ""coverage_edge"": true}"
2026-04-12T14:53:20.218029Z,352005698,MOBILE VIKING,Panama,left_coverage,low,2026-04-12T14:50:18Z,"{""gap_duration_minutes"": 42.0, ""gap_start"": ""2026-04-12T14:08:18Z"", ""gap_end"": ""2026-04-12T14:50:18Z"", ""last_position"": {""lat"": 59.4302, ""lon"": 10.4821}, ""near_border"": false, ""coverage_edge"": true}"
2026-04-12T14:53:20.218029Z,352005711,GRAND EXPLORER,Panama,left_coverage,low,2026-04-12T14:51:56Z,"{""gap_duration_minutes"": 45.0, ""gap_start"": ""2026-04-12T14:06:57Z"", ""gap_end"": ""2026-04-12T14:51:56Z"", ""last_position"": {""lat"": 69.6734, ""lon"": 18.9807}, ""near_border"": false, ""coverage_edge"": true}"
2026-04-12T14:53:20.218029Z,374032000,ATLANTIC TONJER,Panama,left_coverage,low,2026-04-12T14:51:48Z,"{""gap_duration_minutes"": 45.1, ""gap_start"": ""2026-04-12T14:06:44Z"", ""gap_end"": ""2026-04-12T14:51:48Z"", ""last_position"": {""lat"": 58.26, ""lon"": 6.8404}, ""near_border"": false, ""coverage_edge"": true}"
2026-04-12T14:53:20.218029Z,352006333,H-407,Panama,left_coverage,low,2026-04-12T14:52:49Z,"{""gap_duration_minutes"": 44.1, ""gap_start"": ""2026-04-12T14:08:45Z"", ""gap_end"": ""2026-04-12T14:52:49Z"", ""last_position"": {""lat"": 59.0245, ""lon"": 5.6163}, ""near_border"": false, ""coverage_edge"": true}"
2026-04-12T14:53:20.218029Z,249119000,LORELAY,Malta,left_coverage,low,2026-04-12T14:52:08Z,"{""gap_duration_minutes"": 45.0, ""gap_start"": ""2026-04-12T14:07:05Z"", ""gap_end"": ""2026-04-12T14:52:08Z"", ""last_position"": {""lat"": 60.3873, ""lon"": 5.3107}, ""near_border"": false, ""coverage_edge"": true}"
2026-04-12T14:53:20.218029Z,273332880,TAURUS,Russia,transmission_gap,low,2026-04-12T14:31:17Z,"{""gap_duration_minutes"": 35.6, ""gap_start"": ""2026-04-12T13:55:40Z"", ""gap_end"": ""2026-04-12T14:31:17Z"", ""last_position"": {""lat"": 74.5508, ""lon"": 16.4413}, ""near_border"": false, ""coverage_edge"": false}"
2026-04-12T14:53:20.218029Z,314292000,ARCTIC COMMANDER,Barbados,left_coverage,low,2026-04-12T14:50:48Z,"{""gap_duration_minutes"": 42.0, ""gap_start"": ""2026-04-12T14:08:47Z"", ""gap_end"": ""2026-04-12T14:50:48Z"", ""last_position"": {""lat"": 60.3863, ""lon"": 5.3119}, ""near_border"": false, ""coverage_edge"": true}"
2026-04-12T14:53:20.218029Z,249497000,TRANS HAV,Malta,transmission_gap,low,2026-04-12T14:50:36Z,"{""gap_duration_minutes"": 41.7, ""gap_start"": ""2026-04-12T14:08:53Z"", ""gap_end"": ""2026-04-12T14:50:36Z"", ""last_position"": {""lat"": 58.9188, ""lon"": 5.5849}, ""near_border"": false, ""coverage_edge"": false}"
2026-04-12T14:53:20.218029Z,305170000,ELISE,Antigua and Barbuda,left_coverage,low,2026-04-12T14:50:37Z,"{""gap_duration_minutes"": 42.0, ""gap_start"": ""2026-04-12T14:08:40Z"", ""gap_end"": ""2026-04-12T14:50:37Z"", ""last_position"": {""lat"": 59.1177, ""lon"": 9.6207}, ""near_border"": false, ""coverage_edge"": true}"
2026-04-12T14:53:20.218029Z,273413740,SVYATOY SPIRIDON,Russia,left_coverage,low,2026-04-12T14:52:45Z,"{""gap_duration_minutes"": 45.0, ""gap_start"": ""2026-04-12T14:07:44Z"", ""gap_end"": ""2026-04-12T14:52:45Z"", ""last_position"": {""lat"": 69.6772, ""lon"": 18.9869}, ""near_border"": false, ""coverage_edge"": true}"
2026-04-12T14:53:20.218029Z,229061000,SEA CARGO EXPRESS,Malta,left_coverage,low,2026-04-12T14:53:11Z,"{""gap_duration_minutes"": 44.3, ""gap_start"": ""2026-04-12T14:08:52Z"", ""gap_end"": ""2026-04-12T14:53:11Z"", ""last_position"": {""lat"": 63.4423, ""lon"": 10.4071}, ""near_border"": false, ""coverage_edge"": true}"
2026-04-12T14:53:20.218029Z,305850000,SLOMAN HERA,Antigua and Barbuda,left_coverage,low,2026-04-12T14:50:38Z,"{""gap_duration_minutes"": 42.0, ""gap_start"": ""2026-04-12T14:08:36Z"", ""gap_end"": ""2026-04-12T14:50:38Z"", ""last_position"": {""lat"": 60.8256, ""lon"": 4.9571}, ""near_border"": false, ""coverage_edge"": true}"
2026-04-12T14:53:20.218029Z,305322000,ANMIRO,Antigua and Barbuda,transmission_gap,medium,2026-04-12T14:53:12.970201Z,"{""gap_duration_minutes"": 44.3, ""gap_start"": ""2026-04-12T14:08:56.080056Z"", ""gap_end"": ""2026-04-12T14:53:12.970201Z"", ""last_position"": {""lat"": 56.4385, ""lon"": 3.8966}, ""near_border"": true, ""coverage_edge"": false}"
2026-04-12T14:53:20.218029Z,314602000,WILSON AMSTERDAM,Barbados,transmission_gap,low,2026-04-12T14:53:12.970201Z,"{""gap_duration_minutes"": 44.3, ""gap_start"": ""2026-04-12T14:08:56.080056Z"", ""gap_end"": ""2026-04-12T14:53:12.970201Z"", ""last_position"": {""lat"": 60.7157, ""lon"": 1.9174}, ""near_border"": false, ""coverage_edge"": false}"
2026-04-12T14:53:20.218029Z,273341920,MELKART 2,Russia,transmission_gap,low,2026-04-12T14:27:07Z,"{""gap_duration_minutes"": 32.9, ""gap_start"": ""2026-04-12T13:54:12Z"", ""gap_end"": ""2026-04-12T14:27:07Z"", ""last_position"": {""lat"": 74.5195, ""lon"": 16.5588}, ""near_border"": false, ""coverage_edge"": false}"
2026-04-12T14:53:20.218029Z,325314700,VIKINGFJORD,Dominica,transmission_gap,low,2026-04-12T14:53:10Z,"{""gap_duration_minutes"": 44.3, ""gap_start"": ""2026-04-12T14:08:50Z"", ""gap_end"": ""2026-04-12T14:53:10Z"", ""last_position"": {""lat"": 64.7276, ""lon"": 10.0924}, ""near_border"": false, ""coverage_edge"": false}"
2026-04-12T14:53:20.218029Z,636015145,OSX 1,Liberia,left_coverage,low,2026-04-12T14:52:08Z,"{""gap_duration_minutes"": 45.0, ""gap_start"": ""2026-04-12T14:07:09Z"", ""gap_end"": ""2026-04-12T14:52:08Z"", ""last_position"": {""lat"": 60.8608, ""lon"": 5.0344}, ""near_border"": false, ""coverage_edge"": true}"
2026-04-12T14:53:20.218029Z,636016111,SHELF DRILLING BARS,Liberia,left_coverage,low,2026-04-12T14:53:12.970201Z,"{""gap_duration_minutes"": 44.3, ""gap_start"": ""2026-04-12T14:08:56.080056Z"", ""gap_end"": ""2026-04-12T14:53:12.970201Z"", ""last_position"": {""lat"": 58.4181, ""lon"": 1.7159}, ""near_border"": false, ""coverage_edge"": true}"
2026-04-12T14:53:20.218029Z,229218000,ARTEMIS E,Malta,transmission_gap,low,2026-04-12T14:53:09Z,"{""gap_duration_minutes"": 44.3, ""gap_start"": ""2026-04-12T14:08:50Z"", ""gap_end"": ""2026-04-12T14:53:09Z"", ""last_position"": {""lat"": 57.7853, ""lon"": 8.5456}, ""near_border"": false, ""coverage_edge"": false}"
2026-04-12T14:53:20.218029Z,314606000,WILSON TWISTEDEN,Barbados,transmission_gap,low,2026-04-12T14:53:05Z,"{""gap_duration_minutes"": 44.5, ""gap_start"": ""2026-04-12T14:08:35Z"", ""gap_end"": ""2026-04-12T14:53:05Z"", ""last_position"": {""lat"": 64.2329, ""lon"": 9.594}, ""near_border"": false, ""coverage_edge"": false}"
2026-04-12T14:53:20.218029Z,636093396,KEVIN OLDENDORFF,Liberia,transmission_gap,low,2026-04-12T14:53:05Z,"{""gap_duration_minutes"": 44.2, ""gap_start"": ""2026-04-12T14:08:53Z"", ""gap_end"": ""2026-04-12T14:53:05Z"", ""last_position"": {""lat"": 57.8554, ""lon"": 4.7645}, ""near_border"": false, ""coverage_edge"": false}"
2026-04-12T14:53:20.218029Z,249208000,INEOS INSPIRATION,Malta,transmission_gap,low,2026-04-12T14:53:10Z,"{""gap_duration_minutes"": 44.3, ""gap_start"": ""2026-04-12T14:08:51Z"", ""gap_end"": ""2026-04-12T14:53:10Z"", ""last_position"": {""lat"": 58.2149, ""lon"": 9.2795}, ""near_border"": false, ""coverage_edge"": false}"
2026-04-12T14:53:20.218029Z,314607000,WILSON SAIMAA,Barbados,transmission_gap,low,2026-04-12T14:52:18Z,"{""gap_duration_minutes"": 45.1, ""gap_start"": ""2026-04-12T14:07:14Z"", ""gap_end"": ""2026-04-12T14:52:18Z"", ""last_position"": {""lat"": 58.1371, ""lon"": 7.9737}, ""near_border"": false, ""coverage_edge"": false}"
2026-04-12T14:53:20.218029Z,373821000,ULTRA ESTERHAZY,Panama,transmission_gap,low,2026-04-12T14:53:08Z,"{""gap_duration_minutes"": 44.3, ""gap_start"": ""2026-04-12T14:08:48Z"", ""gap_end"": ""2026-04-12T14:53:08Z"", ""last_position"": {""lat"": 60.9281, ""lon"": 3.9914}, ""near_border"": false, ""coverage_edge"": false}"
2026-04-12T14:53:20.218029Z,256149000,SC CONNECTOR,Malta,transmission_gap,medium,2026-04-12T14:53:12.970201Z,"{""gap_duration_minutes"": 44.3, ""gap_start"": ""2026-04-12T14:08:56.080056Z"", ""gap_end"": ""2026-04-12T14:53:12.970201Z"", ""last_position"": {""lat"": 56.1201, ""lon"": 3.2827}, ""near_border"": true, ""coverage_edge"": false}"
2026-04-12T14:53:20.218029Z,636019972,KIRSTEN OLDENDORFF,Liberia,transmission_gap,low,2026-04-12T14:53:04Z,"{""gap_duration_minutes"": 44.3, ""gap_start"": ""2026-04-12T14:08:44Z"", ""gap_end"": ""2026-04-12T14:53:04Z"", ""last_position"": {""lat"": 59.9248, ""lon"": 4.0159}, ""near_border"": false, ""coverage_edge"": false}"
2026-04-12T14:53:20.218029Z,636020533,TUNADAL,Liberia,left_coverage,low,2026-04-12T14:51:50Z,"{""gap_duration_minutes"": 45.0, ""gap_start"": ""2026-04-12T14:06:51Z"", ""gap_end"": ""2026-04-12T14:51:50Z"", ""last_position"": {""lat"": 59.0624, ""lon"": 9.6971}, ""near_border"": false, ""coverage_edge"": true}"
2026-04-12T14:53:20.218029Z,273272930,BELOMOR,Russia,transmission_gap,low,2026-04-12T14:53:01Z,"{""gap_duration_minutes"": 44.2, ""gap_start"": ""2026-04-12T14:08:51Z"", ""gap_end"": ""2026-04-12T14:53:01Z"", ""last_position"": {""lat"": 71.6995, ""lon"": 26.4073}, ""near_border"": false, ""coverage_edge"": false}"
2026-04-12T14:53:20.218029Z,273273160,PERSEY,Russia,transmission_gap,low,2026-04-12T14:31:09Z,"{""gap_duration_minutes"": 56.0, ""gap_start"": ""2026-04-12T13:35:10Z"", ""gap_end"": ""2026-04-12T14:31:09Z"", ""last_position"": {""lat"": 63.7389, ""lon"": 3.729}, ""near_border"": false, ""coverage_edge"": false}"
2026-04-12T14:53:20.218029Z,636021420,AVENCA,Liberia,left_coverage,low,2026-04-12T14:52:46Z,"{""gap_duration_minutes"": 44.9, ""gap_start"": ""2026-04-12T14:07:52Z"", ""gap_end"": ""2026-04-12T14:52:46Z"", ""last_position"": {""lat"": 59.1158, ""lon"": 9.6264}, ""near_border"": false, ""coverage_edge"": true}"
2026-04-12T14:53:20.218029Z,636021569,MYKLEBUST,Liberia,transmission_gap,low,2026-04-12T14:30:35Z,"{""gap_duration_minutes"": 39.8, ""gap_start"": ""2026-04-12T13:50:46Z"", ""gap_end"": ""2026-04-12T14:30:35Z"", ""last_position"": {""lat"": 67.5187, ""lon"": 9.0294}, ""near_border"": false, ""coverage_edge"": false}"
2026-04-12T14:53:20.218029Z,273275260,SKIF,Russia,transmission_gap,low,2026-04-12T14:53:04Z,"{""gap_duration_minutes"": 44.2, ""gap_start"": ""2026-04-12T14:08:54Z"", ""gap_end"": ""2026-04-12T14:53:04Z"", ""last_position"": {""lat"": 69.7046, ""lon"": 13.1196}, ""near_border"": false, ""coverage_edge"": false}"
2026-04-12T14:53:20.218029Z,370506000,WEST PHOENIX,Panama,left_coverage,low,2026-04-12T14:52:57Z,"{""gap_duration_minutes"": 45.0, ""gap_start"": ""2026-04-12T14:07:54Z"", ""gap_end"": ""2026-04-12T14:52:57Z"", ""last_position"": {""lat"": 60.8671, ""lon"": 5.0288}, ""near_border"": false, ""coverage_edge"": true}"
2026-04-12T14:53:20.218029Z,304656000,PINTA,Antigua and Barbuda,left_coverage,low,2026-04-12T14:50:47Z,"{""gap_duration_minutes"": 42.0, ""gap_start"": ""2026-04-12T14:08:46Z"", ""gap_end"": ""2026-04-12T14:50:47Z"", ""last_position"": {""lat"": 59.3675, ""lon"": 5.292}, ""near_border"": false, ""coverage_edge"": true}"
2026-04-12T14:53:20.218029Z,273352280,MELKART-4,Russia,transmission_gap,low,2026-04-12T14:30:46Z,"{""gap_duration_minutes"": 35.1, ""gap_start"": ""2026-04-12T13:55:38Z"", ""gap_end"": ""2026-04-12T14:30:46Z"", ""last_position"": {""lat"": 74.5145, ""lon"": 16.5196}, ""near_border"": false, ""coverage_edge"": false}"
2026-04-12T14:53:20.218029Z,636024725,ALWINE,Liberia,transmission_gap,low,2026-04-12T14:53:05Z,"{""gap_duration_minutes"": 44.2, ""gap_start"": ""2026-04-12T14:08:54Z"", ""gap_end"": ""2026-04-12T14:53:05Z"", ""last_position"": {""lat"": 66.2028, ""lon"": 9.668}, ""near_border"": false, ""coverage_edge"": false}"
2026-04-12T14:53:20.218029Z,636025032,RT MALBEC,Liberia,transmission_gap,low,2026-04-12T14:52:17Z,"{""gap_duration_minutes"": 45.0, ""gap_start"": ""2026-04-12T14:07:19Z"", ""gap_end"": ""2026-04-12T14:52:17Z"", ""last_position"": {""lat"": 61.7716, ""lon"": 5.1596}, ""near_border"": false, ""coverage_edge"": false}"
2026-04-12T14:53:20.218029Z,273278060,STRIZH,Russia,transmission_gap,low,2026-04-12T14:53:12.970201Z,"{""gap_duration_minutes"": 44.3, ""gap_start"": ""2026-04-12T14:08:56.080056Z"", ""gap_end"": ""2026-04-12T14:53:12.970201Z"", ""last_position"": {""lat"": 66.9162, ""lon"": 7.9794}, ""near_border"": false, ""coverage_edge"": false}"
2026-04-12T14:53:20.218029Z,215349000,CSL TRIMNES,Malta,transmission_gap,low,2026-04-12T14:49:38Z,"{""gap_duration_minutes"": 42.8, ""gap_start"": ""2026-04-12T14:06:49Z"", ""gap_end"": ""2026-04-12T14:49:38Z"", ""last_position"": {""lat"": 56.9152, ""lon"": 5.726}, ""near_border"": false, ""coverage_edge"": false}"
2026-04-12T14:53:20.218029Z,305414000,MARK D,Antigua and Barbuda,transmission_gap,low,2026-04-12T14:53:05Z,"{""gap_duration_minutes"": 44.3, ""gap_start"": ""2026-04-12T14:08:45Z"", ""gap_end"": ""2026-04-12T14:53:05Z"", ""last_position"": {""lat"": 59.577, ""lon"": 10.639}, ""near_border"": false, ""coverage_edge"": false}"
2026-04-12T14:53:20.218029Z,374887000,SLEIPNIR,Panama,transmission_gap,low,2026-04-12T14:53:09Z,"{""gap_duration_minutes"": 44.4, ""gap_start"": ""2026-04-12T14:08:48Z"", ""gap_end"": ""2026-04-12T14:53:09Z"", ""last_position"": {""lat"": 59.525, ""lon"": 3.3084}, ""near_border"": false, ""coverage_edge"": false}"
2026-04-12T14:53:20.218029Z,305793000,RHOGAS,Antigua and Barbuda,transmission_gap,low,2026-04-12T14:53:12.970201Z,"{""gap_duration_minutes"": 44.3, ""gap_start"": ""2026-04-12T14:08:56.080056Z"", ""gap_end"": ""2026-04-12T14:53:12.970201Z"", ""last_position"": {""lat"": 56.6531, ""lon"": 2.5844}, ""near_border"": false, ""coverage_edge"": false}"
2026-04-12T14:53:20.218029Z,273436210,BARENTSEVO MORE,Russia,transmission_gap,low,2026-04-12T14:53:09Z,"{""gap_duration_minutes"": 44.3, ""gap_start"": ""2026-04-12T14:08:49Z"", ""gap_end"": ""2026-04-12T14:53:09Z"", ""last_position"": {""lat"": 70.7443, ""lon"": 19.4677}, ""near_border"": false, ""coverage_edge"": false}"
2026-04-12T14:53:20.218029Z,314396000,WILSON FLUSHING,Barbados,transmission_gap,low,2026-04-12T14:52:56Z,"{""gap_duration_minutes"": 44.1, ""gap_start"": ""2026-04-12T14:08:47Z"", ""gap_end"": ""2026-04-12T14:52:56Z"", ""last_position"": {""lat"": 65.4496, ""lon"": 10.2743}, ""near_border"": false, ""coverage_edge"": false}"
