mmsi,name,latitude,longitude,speed,course,timestamp,vessel_type,collection_time
265064540,KINFISH TENDER 3,81.836007,15.898378,3.3,13.5,2025-09-19 13:38:30.586774,90,2025-09-19 13:38:30.586794
235572000,ANVIL POINT,66.742953,8.125807,16.5,204.8,2025-09-19 13:38:30.586814,70,2025-09-19 13:38:30.586816
630001042,NOR STAR,68.575095,14.947752,0.0,205.5,2025-09-19 13:38:30.586824,80,2025-09-19 13:38:30.586825
319301000,KEY WIND,67.06635,10.703777,12.3,204.0,2025-09-19 13:38:30.586831,89,2025-09-19 13:38:30.586833
277589000,VILKAS,68.234027,14.536107,0.1,216.7,2025-09-19 13:38:30.586846,30,2025-09-19 13:38:30.586847
586706041,LEINEBRIS 34,75.375993,19.74737,3.4,243.6,2025-09-19 13:38:30.586853,0,2025-09-19 13:38:30.586854
586706108,586706108,68.216867,14.94592,0.3,214.5,2025-09-19 13:38:30.586857,0,2025-09-19 13:38:30.586858
586706109,AH BOY3,68.19243,14.827548,6.0,258.6,2025-09-19 13:38:30.586860,0,2025-09-19 13:38:30.586861
586706114,AH BOY1,68.230162,14.647283,0.4,302.3,2025-09-19 13:38:30.586863,0,2025-09-19 13:38:30.586864
586706177,ALI BOY 1,70.79402,29.842948,0.9,37.8,2025-09-19 13:38:30.586867,0,2025-09-19 13:38:30.586868
941005775,O BUOY 04,75.327268,35.14061,1.4,202.5,2025-09-19 13:38:30.586873,0,2025-09-19 13:38:30.586874
941005785,O BUOY 03,75.498778,35.799938,8.6,155.6,2025-09-19 13:38:30.586877,0,2025-09-19 13:38:30.586878
586706383,LOFOTFANGST,70.849275,29.301263,1.8,311.4,2025-09-19 13:38:30.586882,0,2025-09-19 13:38:30.586883
941005814,O BUOY 44,75.478143,35.44358,0.6,239.4,2025-09-19 13:38:30.586886,0,2025-09-19 13:38:30.586887
941005815,O BUOY 40,75.48335,35.725512,0.8,324.9,2025-09-19 13:38:30.586890,0,2025-09-19 13:38:30.586891
941005819,O BUOY 37,75.49486,35.802053,1.8,88.4,2025-09-19 13:38:30.586894,0,2025-09-19 13:38:30.586895
941005846,O BUOY 41,75.332367,35.063147,0.1,179.6,2025-09-19 13:38:30.586898,0,2025-09-19 13:38:30.586898
586706481,AUSTHAVET BUOY,71.666518,31.68681,2.9,254.8,2025-09-19 13:38:30.586902,0,2025-09-19 13:38:30.586903
229767000,ARCTIC AURORA,71.648673,25.97905,11.0,121.4,2025-09-19 13:38:30.586905,84,2025-09-19 13:38:30.586906
586706533,TRYGVE B BUOY 7,75.017675,33.578268,1.8,196.0,2025-09-19 13:38:30.586909,0,2025-09-19 13:38:30.586910
586706536,TRYGVE B BUOY 3,75.03261,33.273595,3.2,58.6,2025-09-19 13:38:30.586914,0,2025-09-19 13:38:30.586915
586706667,TRYGVE B BUOY 2,75.074133,33.200205,2.3,161.9,2025-09-19 13:38:30.586919,0,2025-09-19 13:38:30.586920
586707108,LK4,70.37594,20.221463,1.8,114.2,2025-09-19 13:38:30.586927,0,2025-09-19 13:38:30.586927
586707130,LK5,70.369378,20.265398,2.0,159.5,2025-09-19 13:38:30.586929,0,2025-09-19 13:38:30.586930
586707132,BUSINKA2,70.370445,19.611275,2.2,165.2,2025-09-19 13:38:30.586933,0,2025-09-19 13:38:30.586934
586707134,BUSINKA5,70.43705,19.928587,2.1,286.4,2025-09-19 13:38:30.586937,0,2025-09-19 13:38:30.586937
586707135,LK6,70.387237,20.278613,1.6,278.3,2025-09-19 13:38:30.586940,0,2025-09-19 13:38:30.586941
586707136,BUOY11,70.363482,20.282253,1.2,213.4,2025-09-19 13:38:30.586943,0,2025-09-19 13:38:30.586944
586707137,FISHING NET BOUY 3,70.420035,18.831847,2.1,310.5,2025-09-19 13:38:30.586947,0,2025-09-19 13:38:30.586947
586707139,BUSINKA1,70.418552,19.861898,1.4,336.4,2025-09-19 13:38:30.586950,0,2025-09-19 13:38:30.586951
586707140,LK3,70.392982,20.463162,2.2,200.4,2025-09-19 13:38:30.586953,0,2025-09-19 13:38:30.586954
586707142,BUOY12,70.35898,20.307905,1.9,36.4,2025-09-19 13:38:30.586956,0,2025-09-19 13:38:30.586957
586707148,LK2,70.45689,20.17519,1.4,34.8,2025-09-19 13:38:30.586959,0,2025-09-19 13:38:30.586960
586707196,FISHING NET BOUY 2,70.469843,19.258213,1.0,212.6,2025-09-19 13:38:30.586964,0,2025-09-19 13:38:30.586965
586707240,LK1,70.374623,20.286187,1.6,51.1,2025-09-19 13:38:30.586967,0,2025-09-19 13:38:30.586968
586707248,BUSINKA4,70.418523,19.823302,2.1,126.7,2025-09-19 13:38:30.586971,0,2025-09-19 13:38:30.586972
586707249,BUSINKA3,70.374347,19.592203,1.1,72.6,2025-09-19 13:38:30.586974,0,2025-09-19 13:38:30.586975
273291510,NORVEZHSKOE MORE,75.729402,14.021637,4.8,344.9,2025-09-19 13:38:30.586978,30,2025-09-19 13:38:30.586979
586707342,SELMA BUOY 2,71.171922,27.565782,3.0,3.9,2025-09-19 13:38:30.586981,0,2025-09-19 13:38:30.586982
586707344,ALI BUOY 2,70.805377,29.858965,3.0,85.2,2025-09-19 13:38:30.586985,0,2025-09-19 13:38:30.586985
586707346,BEN HUR BUOY 1,70.992832,29.156028,1.9,170.1,2025-09-19 13:38:30.586988,0,2025-09-19 13:38:30.586989
314553000,WILSON LEITH,68.572397,14.974017,0.0,200.2,2025-09-19 13:38:30.586994,70,2025-09-19 13:38:30.586995
273217010,BOOTES,70.59745,19.388168,3.4,87.5,2025-09-19 13:38:30.586998,30,2025-09-19 13:38:30.586999
982570397,NAUTILUS ALDRA MOB,66.005125,12.282968,0.3,,2025-09-19 13:38:30.587004,53,2025-09-19 13:38:30.587004
982570698,ROV LONG CABLE,68.64295,16.581217,0.9,214.2,2025-09-19 13:38:30.587010,33,2025-09-19 13:38:30.587011
109080033,MAYA BUOY 1,71.094475,26.157437,3.8,174.1,2025-09-19 13:38:30.587017,0,2025-09-19 13:38:30.587018
109080133,VANNOYVAERING BOUY 1,70.542553,20.315472,2.5,169.1,2025-09-19 13:38:30.587031,0,2025-09-19 13:38:30.587032
109080160,IVERSEN JR BUOY 3,68.473468,14.69538,0.4,0.0,2025-09-19 13:38:30.587037,0,2025-09-19 13:38:30.587038
109080165,IVERSEN JR BUOY 1,68.479865,14.970643,0.8,0.0,2025-09-19 13:38:30.587041,0,2025-09-19 13:38:30.587041
109080297,BUOY2,70.398187,20.366335,1.9,131.9,2025-09-19 13:38:30.587044,0,2025-09-19 13:38:30.587045
109080299,T 9 K 7,70.583975,20.430062,1.6,40.1,2025-09-19 13:38:30.587048,0,2025-09-19 13:38:30.587049
109080300,BUOY5,70.390683,20.36151,1.1,64.2,2025-09-19 13:38:30.587051,0,2025-09-19 13:38:30.587052
109080344,ANGELSEN SR,68.79674,13.074308,1.1,86.8,2025-09-19 13:38:30.587055,0,2025-09-19 13:38:30.587056
109080360,BUOY 81 70,69.618768,17.590098,1.3,19.1,2025-09-19 13:38:30.587059,0,2025-09-19 13:38:30.587060
109080364,BUOY 83 86,69.640285,17.617757,2.1,288.7,2025-09-19 13:38:30.587063,0,2025-09-19 13:38:30.587063
109080368,BUROY BOUY 2,70.799198,25.979825,1.4,116.3,2025-09-19 13:38:30.587066,0,2025-09-19 13:38:30.587067
109080373,BUROY BOUY 4,70.858802,26.016,3.5,125.3,2025-09-19 13:38:30.587070,0,2025-09-19 13:38:30.587071
109080402,T 9 K 8,70.490535,20.099833,1.4,89.9,2025-09-19 13:38:30.587078,0,2025-09-19 13:38:30.587078
109080403,BUOY1,70.603385,20.384388,1.3,91.2,2025-09-19 13:38:30.587081,0,2025-09-19 13:38:30.587082
109080468,IVAR BOUY 1,71.539728,32.713867,2.0,231.5,2025-09-19 13:38:30.587084,0,2025-09-19 13:38:30.587085
109080476,ANGELSEN SR,68.721592,13.068483,1.0,135.8,2025-09-19 13:38:30.587088,0,2025-09-19 13:38:30.587088
109080478,ANGELSEN SR,68.799342,13.133117,1.0,108.0,2025-09-19 13:38:30.587091,0,2025-09-19 13:38:30.587092
109080479,ANGELSEN SR,68.808177,13.148163,1.7,204.0,2025-09-19 13:38:30.587094,0,2025-09-19 13:38:30.587095
109080480,ANGELSEN SR,68.801175,13.048343,1.0,95.3,2025-09-19 13:38:30.587098,0,2025-09-19 13:38:30.587099
109080481,ANGELSEN SR,68.796898,13.09601,1.1,304.6,2025-09-19 13:38:30.587101,0,2025-09-19 13:38:30.587102
109080485,ANGELSEN SR,68.797933,13.118127,1.2,209.9,2025-09-19 13:38:30.587105,0,2025-09-19 13:38:30.587106
109080673,ANGELSEN SR,68.72137,13.056258,1.3,123.3,2025-09-19 13:38:30.587109,0,2025-09-19 13:38:30.587110
109080675,ANGELSEN SR,68.798667,13.057863,2.7,120.8,2025-09-19 13:38:30.587113,0,2025-09-19 13:38:30.587113
244178000,SHETLAND,66.03955,11.293333,10.7,201.8,2025-09-19 13:38:30.587120,70,2025-09-19 13:38:30.587121
235051012,NAVAL AUXILIARY,70.15885,20.238828,13.4,4.0,2025-09-19 13:38:30.587126,35,2025-09-19 13:38:30.587127
563175900,ARMADA 78 03,66.87333333333333,5.2683333333333335,7.0,303.0,2025-09-19 13:38:30.587129,70,2025-09-19 13:38:30.587130
218004830,JAN MARIA,69.698008,19.075273,0.0,36.3,2025-09-19 13:38:30.587143,30,2025-09-19 13:38:30.587144
273522400,ZAKHAR SOROKIN,70.6643,18.817583,12.0,44.3,2025-09-19 13:38:30.587149,30,2025-09-19 13:38:30.587150
273447010,ALFERAS,72.04166666666667,25.383333333333333,9.0,313.0,2025-09-19 13:38:30.587152,30,2025-09-19 13:38:30.587153
276842000,MERIKE,76.191615,35.698747,2.5,233.6,2025-09-19 13:38:30.587161,30,2025-09-19 13:38:30.587162
273296810,DMITRY MENDELEEV,67.12333333333333,8.828333333333335,10.0,25.0,2025-09-19 13:38:30.587166,80,2025-09-19 13:38:30.587166
314633000,WILSON DROGHEDA,66.212355,13.018303,0.0,345.6,2025-09-19 13:38:30.587169,70,2025-09-19 13:38:30.587170
273523300,ALEKSANDR MIRONENKO,71.14015,29.706503,9.8,122.7,2025-09-19 13:38:30.587175,30,2025-09-19 13:38:30.587176
232866000,M/S ISBJORNEN 2,69.687465,18.735413,0.0,0.8,2025-09-19 13:38:30.587179,90,2025-09-19 13:38:30.587180
273523400,YANTARNYY,70.24666666666667,15.11,13.0,62.0,2025-09-19 13:38:30.587183,30,2025-09-19 13:38:30.587184
212651000,ELISABETH J,67.86086,9.509198,13.7,206.0,2025-09-19 13:38:30.587188,80,2025-09-19 13:38:30.587189
982575641,MUNIN,78.223263,15.662138,0.1,,2025-09-19 13:38:30.587195,92,2025-09-19 13:38:30.587196
314635000,WILSON DUNDEE,66.327823,14.1435,0.0,316.6,2025-09-19 13:38:30.587206,70,2025-09-19 13:38:30.587207
109010419,RONJA BOUY 9,70.93246,25.80116,3.5,43.4,2025-09-19 13:38:30.587210,0,2025-09-19 13:38:30.587211
565369000,COSL PROSPECTOR,70.626973,23.641695,0.0,277.3,2025-09-19 13:38:30.587220,90,2025-09-19 13:38:30.587220
212654000,BORIS VILKITSKY,67.815987,9.420605,18.9,203.4,2025-09-19 13:38:30.587227,84,2025-09-19 13:38:30.587227
255801980,DINA STAR,67.037872,6.507695,0.8,240.7,2025-09-19 13:38:30.587247,70,2025-09-19 13:38:30.587248
563033300,DANCING BRAVE,66.8056,13.855543,13.3,271.8,2025-09-19 13:38:30.587256,80,2025-09-19 13:38:30.587257
273529800,BORIS SYROMYATNIKOV,70.793738,20.638352,3.1,276.0,2025-09-19 13:38:30.587264,30,2025-09-19 13:38:30.587264
412549626,FU YUAN YU 8633,66.88833333333334,4.3,57.0,164.0,2025-09-19 13:38:30.587270,30,2025-09-19 13:38:30.587271
412549628,FUYUANYU8620,68.41000000000001,-3.26,60.0,234.0,2025-09-19 13:38:30.587274,30,2025-09-19 13:38:30.587275
273379740,FRIO FORWIN,71.101515,19.295933,10.3,66.5,2025-09-19 13:38:30.587280,70,2025-09-19 13:38:30.587281
211753000,MARIA S. MERIAN,67.283202,3.212178,4.5,61.1,2025-09-19 13:38:30.587285,90,2025-09-19 13:38:30.587286
273532110,KURSHSKAYA KOSA,70.588833,19.096667,3.7,270.8,2025-09-19 13:38:30.587296,30,2025-09-19 13:38:30.587297
314416000,JUMBO,69.222875,18.079138,0.0,233.8,2025-09-19 13:38:30.587302,70,2025-09-19 13:38:30.587303
255806445,VASCO DA GAMA,70.443867,18.278283,12.7,65.4,2025-09-19 13:38:30.587313,60,2025-09-19 13:38:30.587314
255806463,WILSON FLEX IV,67.25021,15.423032,0.0,115.2,2025-09-19 13:38:30.587316,70,2025-09-19 13:38:30.587317
273534110,LIRA,70.645283,19.603583,14.6,71.0,2025-09-19 13:38:30.587327,30,2025-09-19 13:38:30.587328
982586740,OV SKOMVAER 2,68.795357,16.54408,0.1,,2025-09-19 13:38:30.587339,33,2025-09-19 13:38:30.587340
210400000,SEAPIPER,66.079312,8.063723,0.2,268.8,2025-09-19 13:38:30.587345,33,2025-09-19 13:38:30.587346
108040274,SF JENTA BUOY,70.12759,30.54851,1.4,145.9,2025-09-19 13:38:30.587351,0,2025-09-19 13:38:30.587352
304011026,THEBE,66.30637,14.116008,0.0,298.0,2025-09-19 13:38:30.587360,70,2025-09-19 13:38:30.587361
250002443,ARKLOW FOREST,66.805597,13.920215,3.6,84.5,2025-09-19 13:38:30.587364,70,2025-09-19 13:38:30.587365
231522000,HAV ATLANTIC,68.912713,15.065775,0.0,329.5,2025-09-19 13:38:30.587368,70,2025-09-19 13:38:30.587369
273537800,KARACHAROVO,76.098148,14.420127,2.7,189.0,2025-09-19 13:38:30.587377,30,2025-09-19 13:38:30.587378
273613930,BELOYE MORE,75.785405,14.01886,1.2,201.2,2025-09-19 13:38:30.587384,30,2025-09-19 13:38:30.587385
982590450,RHIB F314,69.337985,16.227062,4.9,31.5,2025-09-19 13:38:30.587392,35,2025-09-19 13:38:30.587393
585900148,BUOY FALCH 82,69.236677,17.9367,0.0,260.8,2025-09-19 13:38:30.587404,0,2025-09-19 13:38:30.587405
585900149,FDA WARNING 35,69.282118,17.908312,0.2,351.5,2025-09-19 13:38:30.587408,0,2025-09-19 13:38:30.587409
585900220,DODRAUG2 88,70.639437,30.660903,2.2,308.3,2025-09-19 13:38:30.587413,0,2025-09-19 13:38:30.587414
585900225,JENS 1 46,69.426112,18.453008,0.5,283.8,2025-09-19 13:38:30.587417,0,2025-09-19 13:38:30.587418
585900237,JENS 2 50,69.413623,18.458238,0.4,50.9,2025-09-19 13:38:30.587421,0,2025-09-19 13:38:30.587422
585900259,NORSOL 2 79,69.027902,16.220463,1.1,45.4,2025-09-19 13:38:30.587425,0,2025-09-19 13:38:30.587426
585900264,NORSOL 3 61,69.003128,16.139395,0.9,157.3,2025-09-19 13:38:30.587429,0,2025-09-19 13:38:30.587430
585900265,NORSOL 1 98,68.955207,16.087377,0.3,14.2,2025-09-19 13:38:30.587432,0,2025-09-19 13:38:30.587433
585900266,NORSOL 5 19,69.082773,16.145115,1.6,195.9,2025-09-19 13:38:30.587436,0,2025-09-19 13:38:30.587437
585900267,NORSOL 4 56,68.972828,16.098853,1.9,44.3,2025-09-19 13:38:30.587440,0,2025-09-19 13:38:30.587441
585900273,BUOY SL 1 84,69.531332,17.980658,0.4,235.2,2025-09-19 13:38:30.587444,0,2025-09-19 13:38:30.587445
585900274,BUOY SL 2 70,69.535275,18.083943,0.4,129.1,2025-09-19 13:38:30.587448,0,2025-09-19 13:38:30.587449
538003746,KANARIS,68.430605,17.4027,0.0,236.9,2025-09-19 13:38:30.587468,70,2025-09-19 13:38:30.587469
273845800,VASILIY GOLOVNIN,74.845,15.723333333333333,3.0,167.0,2025-09-19 13:38:30.587483,30,2025-09-19 13:38:30.587484
538005351,CLEAN PLANET,70.687992,32.57264,14.9,169.5,2025-09-19 13:38:30.587488,84,2025-09-19 13:38:30.587489
109030585,TRIO BOUY 5,70.919422,29.746973,2.8,126.3,2025-09-19 13:38:30.587502,0,2025-09-19 13:38:30.587503
109030586,TOMBA BUOY 2,70.933832,29.749478,1.3,200.6,2025-09-19 13:38:30.587506,0,2025-09-19 13:38:30.587507
109030588,TOMBA BUOY 3,70.931582,29.770628,2.5,161.9,2025-09-19 13:38:30.587510,0,2025-09-19 13:38:30.587511
109030589,TRIO BOUY 6,70.915223,29.756428,1.7,18.3,2025-09-19 13:38:30.587514,0,2025-09-19 13:38:30.587515
109030760,JENS BOY 3,69.39728,18.439285,0.1,120.6,2025-09-19 13:38:30.587520,0,2025-09-19 13:38:30.587521
249257000,PENGLAI,65.090658,7.793975,11.2,231.6,2025-09-19 13:38:30.587524,70,2025-09-19 13:38:30.587525
277544000,TAURUS,81.44666666666667,31.65666666666667,3.0,216.0,2025-09-19 13:38:30.587529,30,2025-09-19 13:38:30.587530
246920000,HEBO-LIFT 10,69.55702,19.146857,0.0,158.1,2025-09-19 13:38:30.587539,99,2025-09-19 13:38:30.587540
273397450,ESTER,70.667695,19.013313,4.0,72.4,2025-09-19 13:38:30.587550,30,2025-09-19 13:38:30.587551
304099000,CELINA,71.60095,24.612448,10.4,79.2,2025-09-19 13:38:30.587563,79,2025-09-19 13:38:30.587564
231837000,HAV SKANDIC,69.503258,18.308968,10.2,247.2,2025-09-19 13:38:30.587575,90,2025-09-19 13:38:30.587576
244057240,ZEEWOLF,69.549887,19.070168,5.4,69.9,2025-09-19 13:38:30.587581,99,2025-09-19 13:38:30.587582
308928000,SCARABEO 8,65.823173,7.7156,0.0,328.0,2025-09-19 13:38:30.587585,90,2025-09-19 13:38:30.587586
310588000,FLOATEL SUPERIOR,65.10833333333333,6.79,0.0,174.0,2025-09-19 13:38:30.587595,90,2025-09-19 13:38:30.587596
231763000,QUEST,69.635515,18.935803,0.0,221.3,2025-09-19 13:38:30.587601,60,2025-09-19 13:38:30.587602
412420561,HANYI36,78.55666666666666,32.10666666666667,36.0,46.0,2025-09-19 13:38:30.587607,30,2025-09-19 13:38:30.587608
273250820,KORD BARENTS,75.46499999999999,20.866666666666667,6.0,125.0,2025-09-19 13:38:30.587615,80,2025-09-19 13:38:30.587616
412421098,DONGYU1527,76.98,-1.24,17.0,437.0,2025-09-19 13:38:30.587620,30,2025-09-19 13:38:30.587621
412421136,XIN SHI JI 66,70.90333333333334,-0.9733333333333332,32.0,370.0,2025-09-19 13:38:30.587624,30,2025-09-19 13:38:30.587625
667001255,CENTURION,67.4084,8.298933,12.1,217.0,2025-09-19 13:38:30.587634,80,2025-09-19 13:38:30.587636
273251530,ANTARKTIKA,71.666507,27.010168,6.1,286.0,2025-09-19 13:38:30.587639,80,2025-09-19 13:38:30.587640
219017214,ESVAGT AURORA,71.3476,22.400008,0.5,354.4,2025-09-19 13:38:30.587650,99,2025-09-19 13:38:30.587651
265030590,KINFISH TENDER 2,81.82594,15.885555,0.5,175.0,2025-09-19 13:38:30.587656,90,2025-09-19 13:38:30.587657
265182000,ODEN,78.234362,15.62357,0.0,314.3,2025-09-19 13:38:30.587665,90,2025-09-19 13:38:30.587667
247229700,AIDABELLA,68.69973,15.420345,0.0,261.4,2025-09-19 13:38:30.587673,60,2025-09-19 13:38:30.587674
123222339,RONJA BOUY 5,70.934595,25.6341,0.6,0.0,2025-09-19 13:38:30.587686,0,2025-09-19 13:38:30.587687
273254860,KAPITAN TARAN,72.03166666666667,30.85,11.0,328.0,2025-09-19 13:38:30.587691,30,2025-09-19 13:38:30.587692
273254880,MECHANIC STEPANOV,70.276502,17.645188,11.7,43.1,2025-09-19 13:38:30.587696,30,2025-09-19 13:38:30.587697
352005711,GRAND EXPLORER,68.09561,15.042335,8.6,59.8,2025-09-19 13:38:30.587705,70,2025-09-19 13:38:30.587706
250400644,250400644,69.404962,18.421172,0.3,356.6,2025-09-19 13:38:30.587712,0,2025-09-19 13:38:30.587713
941500449,UNNUR BUOY 22,71.301972,30.351535,2.1,188.4,2025-09-19 13:38:30.587723,0,2025-09-19 13:38:30.587724
941500450,UNNUR BUOY 14,71.415115,30.547695,1.2,165.2,2025-09-19 13:38:30.587727,0,2025-09-19 13:38:30.587728
941500554,MAIKENJENTA BU 41,69.985688,30.265527,1.3,50.7,2025-09-19 13:38:30.587733,0,2025-09-19 13:38:30.587734
941500651,TK9 BUOY 2 65,70.597942,20.33848,2.1,275.0,2025-09-19 13:38:30.587738,0,2025-09-19 13:38:30.587739
941500801,MARIE K BUOY 97,68.577517,16.525722,0.2,15.9,2025-09-19 13:38:30.587746,0,2025-09-19 13:38:30.587747
941500813,ANTON EMILIAN 31,70.780553,26.151333,1.6,321.3,2025-09-19 13:38:30.587750,0,2025-09-19 13:38:30.587751
941500819,ANTON EMILIAN 18,70.795722,26.005812,1.2,62.1,2025-09-19 13:38:30.587754,0,2025-09-19 13:38:30.587755
941500894,BROR 4 BUOY 66,70.074208,29.741903,0.2,121.2,2025-09-19 13:38:30.587760,0,2025-09-19 13:38:30.587761
941500985,TRYGVE B BOUY 94 S,74.975603,33.17106,2.7,26.3,2025-09-19 13:38:30.587765,0,2025-09-19 13:38:30.587766
941500989,HANS BUOY 26,71.083093,27.265945,2.4,196.8,2025-09-19 13:38:30.587768,0,2025-09-19 13:38:30.587769
941501039,NEPTUN BUOY 2 95,70.837522,29.632957,2.0,270.0,2025-09-19 13:38:30.587773,0,2025-09-19 13:38:30.587774
941501040,NEPTUN BUOY 1 90,70.830705,29.684313,0.9,150.6,2025-09-19 13:38:30.587777,0,2025-09-19 13:38:30.587778
941501099,SAGA BJOERG BU 48,71.038628,28.597417,4.5,192.9,2025-09-19 13:38:30.587781,0,2025-09-19 13:38:30.587782
941501107,GK BUOY 53,71.036393,28.592878,1.8,122.5,2025-09-19 13:38:30.587786,0,2025-09-19 13:38:30.587787
413559690,RUN HAI XIANG YANG,81.74,12.453333333333337,35.0,108.0,2025-09-19 13:38:30.587790,70,2025-09-19 13:38:30.587791
109120353,RB 4 BOUY 72,69.825362,17.91049,1.4,329.5,2025-09-19 13:38:30.587795,0,2025-09-19 13:38:30.587796
109120354,RB 3 BOUY 68,69.843968,17.886565,2.4,83.9,2025-09-19 13:38:30.587799,0,2025-09-19 13:38:30.587800
109120360,RB 2 BOUY 78,69.854365,17.877867,3.3,125.8,2025-09-19 13:38:30.587803,0,2025-09-19 13:38:30.587804
109120410,NORSOL 1 15,68.988847,16.044655,1.5,110.5,2025-09-19 13:38:30.587807,0,2025-09-19 13:38:30.587808
109120421,NORSOL 3 23,68.950917,16.008292,0.6,247.9,2025-09-19 13:38:30.587811,0,2025-09-19 13:38:30.587812
109120446,SENJATIND 1 53,69.53237,18.083568,0.6,357.6,2025-09-19 13:38:30.587815,0,2025-09-19 13:38:30.587816
109120461,SENJALAND BUOY 47,69.543965,17.670275,0.0,174.3,2025-09-19 13:38:30.587820,0,2025-09-19 13:38:30.587821
109120462,KARL MARTIN BO 90,69.172525,17.945042,0.4,284.2,2025-09-19 13:38:30.587824,0,2025-09-19 13:38:30.587825
109120463,KARL MARTIN BO 80,69.172375,17.945713,0.2,147.8,2025-09-19 13:38:30.587828,0,2025-09-19 13:38:30.587829
235015732,CSB 44,69.678365,19.001343,2.2,50.4,2025-09-19 13:38:30.587843,35,2025-09-19 13:38:30.587844
218799000,MARK,72.52683,9.885672,10.7,232.8,2025-09-19 13:38:30.587852,30,2025-09-19 13:38:30.587853
249803000,STOC NIKE,70.68157,23.588017,0.0,261.2,2025-09-19 13:38:30.587871,89,2025-09-19 13:38:30.587872
352842000,SJOVEIEN,78.126103,14.939692,9.1,124.6,2025-09-19 13:38:30.587877,79,2025-09-19 13:38:30.587878
109050519,MUSVERINGEN 16,70.695383,30.383052,1.3,180.0,2025-09-19 13:38:30.587890,0,2025-09-19 13:38:30.587891
248221000,KEY SOUTH,66.997427,12.845717,12.1,54.4,2025-09-19 13:38:30.587903,82,2025-09-19 13:38:30.587904
109050891,SOLRUN B 3 69,70.633385,29.721808,0.2,157.8,2025-09-19 13:38:30.587917,0,2025-09-19 13:38:30.587919
109050900,SENJALIV 1 45,69.528415,18.106302,1.2,310.6,2025-09-19 13:38:30.587922,0,2025-09-19 13:38:30.587923
109050923,SARA KARIN 80,74.668047,18.780507,8.2,8.2,2025-09-19 13:38:30.587928,0,2025-09-19 13:38:30.587930
109050937,HAAVARD A 63,67.646143,15.135388,0.0,154.4,2025-09-19 13:38:30.587933,0,2025-09-19 13:38:30.587934
219029885,ESVAGT DC 11,72.505327,20.221582,4.0,53.7,2025-09-19 13:38:30.587940,40,2025-09-19 13:38:30.587942
255915684,NCL VESTLAND,68.402813,13.661727,16.6,59.3,2025-09-19 13:38:30.587945,70,2025-09-19 13:38:30.587946
231099000,HAV NES,65.207658,11.883078,10.4,209.7,2025-09-19 13:38:30.587950,70,2025-09-19 13:38:30.587951
370572000,CAPE AMANDA,65.02666666666667,7.308333333333334,9.0,45.0,2025-09-19 13:38:30.587962,70,2025-09-19 13:38:30.587963
982470189,AIDABELLA TB 13,68.111883,13.594457,0.1,345.5,2025-09-19 13:38:30.587979,60,2025-09-19 13:38:30.587980
982470191,AIDABELLA TB15,68.12112,13.577943,8.2,126.9,2025-09-19 13:38:30.587983,60,2025-09-19 13:38:30.587984
982470192,AIDABELLA TB 16,68.113123,13.594153,0.0,277.5,2025-09-19 13:38:30.587987,60,2025-09-19 13:38:30.587988
982470194,AIDABELLA TB 18,68.111603,13.596818,3.0,241.0,2025-09-19 13:38:30.587992,60,2025-09-19 13:38:30.587993
370424000,NACC ANTIGUA,66.479853,9.6915,11.3,62.0,2025-09-19 13:38:30.588003,70,2025-09-19 13:38:30.588004
636018554,ELARA,71.318562,29.812785,10.4,305.1,2025-09-19 13:38:30.588023,70,2025-09-19 13:38:30.588024
244533000,WATERLAND,69.679718,18.998425,0.0,358.9,2025-09-19 13:38:30.588037,52,2025-09-19 13:38:30.588038
109060230,KRISTINE E,71.174952,26.48786,2.0,0.0,2025-09-19 13:38:30.588053,0,2025-09-19 13:38:30.588054
109060233,KRISTINE E,71.171637,26.465145,1.5,155.3,2025-09-19 13:38:30.588058,0,2025-09-19 13:38:30.588059
109060238,KRISTINE E,71.174375,26.478992,2.6,0.0,2025-09-19 13:38:30.588063,0,2025-09-19 13:38:30.588064
109060322,MAYA BUOY 3,71.05247,26.056697,2.2,175.2,2025-09-19 13:38:30.588068,0,2025-09-19 13:38:30.588069
109060326,AH SENIOR,70.81341,29.726408,4.1,56.8,2025-09-19 13:38:30.588072,0,2025-09-19 13:38:30.588073
109060479,VAROY BUOY 3,68.452575,13.239902,0.8,268.4,2025-09-19 13:38:30.588077,0,2025-09-19 13:38:30.588078
109060645,MAYA BUOY 2,71.064387,26.19271,2.0,118.8,2025-09-19 13:38:30.588083,0,2025-09-19 13:38:30.588084
309481000,ARCTIC DISCOVERER,70.67717,23.405988,0.0,120.3,2025-09-19 13:38:30.588088,80,2025-09-19 13:38:30.588089
109060873,ABRASON BOUY 2,70.438413,31.175187,1.0,47.5,2025-09-19 13:38:30.588092,0,2025-09-19 13:38:30.588093
109060877,ABRASON BOUY 1,70.466322,31.10952,1.8,7.0,2025-09-19 13:38:30.588096,0,2025-09-19 13:38:30.588097
941215684,HAAVARD A,67.622627,15.243805,0.9,164.2,2025-09-19 13:38:30.588100,0,2025-09-19 13:38:30.588101
219794000,NADIR,78.227865,15.615612,0.1,354.1,2025-09-19 13:38:30.588107,31,2025-09-19 13:38:30.588108
219417000,GEORG STAGE,66.379252,12.778282,7.0,140.5,2025-09-19 13:38:30.588113,36,2025-09-19 13:38:30.588114
636023140,ST.SOFIA,71.332958,29.736703,10.9,306.2,2025-09-19 13:38:30.588123,70,2025-09-19 13:38:30.588124
629009658,MAKALU,73.662445,34.801058,10.7,64.2,2025-09-19 13:38:30.588143,80,2025-09-19 13:38:30.588144
941219502,EMMA BUOY 5,70.72092,23.80814,0.1,0.0,2025-09-19 13:38:30.588151,0,2025-09-19 13:38:30.588152
372698000,FUGRO DISCOVERY,67.295248,14.389195,0.0,40.5,2025-09-19 13:38:30.588168,90,2025-09-19 13:38:30.588169
276826000,AGOT,68.69832,15.420923,0.0,79.0,2025-09-19 13:38:30.588177,70,2025-09-19 13:38:30.588178
702106000,MARCUS,69.90333333333334,21.876666666666665,0.0,128.0,2025-09-19 13:38:30.588181,99,2025-09-19 13:38:30.588182
111257003,NOR-004,70.0593,24.976085,0.0,348.3,2025-09-19 13:38:30.588199,99,2025-09-19 13:38:30.588200
111257010,NOR-011,67.271235,14.357075,6.0,329.4,2025-09-19 13:38:30.588203,99,2025-09-19 13:38:30.588204
111257011,NOR-012,67.271697,14.357802,0.0,219.4,2025-09-19 13:38:30.588207,99,2025-09-19 13:38:30.588208
111257506,LN-OXH,69.686008,18.914372,0.0,240.8,2025-09-19 13:38:30.588214,99,2025-09-19 13:38:30.588215
111257511,SAR AC  RESCUE 7,69.683483,18.91251,0.0,195.6,2025-09-19 13:38:30.588218,99,2025-09-19 13:38:30.588219
111257512,SAR AC RESCUE 7,69.683183,18.91261,0.0,,2025-09-19 13:38:30.588222,99,2025-09-19 13:38:30.588223
265289000,VIRGO,82.70626,23.076907,1.0,0.1,2025-09-19 13:38:30.588238,70,2025-09-19 13:38:30.588239
273435580,KAPITAN SULIMOV,71.246773,17.42693,9.2,291.3,2025-09-19 13:38:30.588242,30,2025-09-19 13:38:30.588243
311000634,YAKOV GAKKEL,70.097658,16.092845,18.9,44.4,2025-09-19 13:38:30.588250,89,2025-09-19 13:38:30.588251
273436830,LLV AZURIT,70.62543,29.701237,0.0,22.8,2025-09-19 13:38:30.588262,30,2025-09-19 13:38:30.588263
311001583,AURORA SPIRIT,65.481465,6.944245,7.7,28.6,2025-09-19 13:38:30.588267,80,2025-09-19 13:38:30.588268
311001591,RAINBOW SPIRIT,72.31339,20.115833,2.0,119.8,2025-09-19 13:38:30.588271,80,2025-09-19 13:38:30.588273
265064540,KINFISH TENDER 3,81.836007,15.898378,3.3,13.5,2025-09-19 13:39:40.062882,90,2025-09-19 13:39:40.062906
235572000,ANVIL POINT,66.739135,8.121492,16.5,203.9,2025-09-19 13:39:40.062941,70,2025-09-19 13:39:40.062944
630001042,NOR STAR,68.575095,14.947752,0.0,205.5,2025-09-19 13:39:40.062956,80,2025-09-19 13:39:40.062959
319301000,KEY WIND,67.062098,10.698923,12.2,204.5,2025-09-19 13:39:40.062968,89,2025-09-19 13:39:40.062970
277589000,VILKAS,68.234027,14.536107,0.1,216.7,2025-09-19 13:39:40.062992,30,2025-09-19 13:39:40.062994
586706041,LEINEBRIS 34,75.375993,19.74737,3.4,243.6,2025-09-19 13:39:40.063008,0,2025-09-19 13:39:40.063010
586706108,586706108,68.216867,14.94592,0.3,214.5,2025-09-19 13:39:40.063016,0,2025-09-19 13:39:40.063017
586706109,AH BOY3,68.19243,14.827548,6.0,258.6,2025-09-19 13:39:40.063022,0,2025-09-19 13:39:40.063024
586706114,AH BOY1,68.230162,14.647283,0.4,302.3,2025-09-19 13:39:40.063029,0,2025-09-19 13:39:40.063031
586706177,ALI BOY 1,70.794102,29.842807,4.0,330.2,2025-09-19 13:39:40.063036,0,2025-09-19 13:39:40.063038
941005775,O BUOY 04,75.327268,35.14061,1.4,202.5,2025-09-19 13:39:40.063048,0,2025-09-19 13:39:40.063050
941005785,O BUOY 03,75.498778,35.799938,8.6,155.6,2025-09-19 13:39:40.063055,0,2025-09-19 13:39:40.063057
586706383,LOFOTFANGST,70.849275,29.301263,1.8,311.4,2025-09-19 13:39:40.063063,0,2025-09-19 13:39:40.063065
941005814,O BUOY 44,75.478143,35.44358,0.6,239.4,2025-09-19 13:39:40.063069,0,2025-09-19 13:39:40.063071
941005815,O BUOY 40,75.48335,35.725512,0.8,324.9,2025-09-19 13:39:40.063076,0,2025-09-19 13:39:40.063078
941005819,O BUOY 37,75.49486,35.802053,1.8,88.4,2025-09-19 13:39:40.063082,0,2025-09-19 13:39:40.063084
941005846,O BUOY 41,75.332367,35.063147,0.1,179.6,2025-09-19 13:39:40.063090,0,2025-09-19 13:39:40.063092
586706481,AUSTHAVET BUOY,71.666518,31.68681,2.9,254.8,2025-09-19 13:39:40.063098,0,2025-09-19 13:39:40.063100
229767000,ARCTIC AURORA,71.646822,25.98902,11.4,120.7,2025-09-19 13:39:40.063105,84,2025-09-19 13:39:40.063107
586706533,TRYGVE B BUOY 7,75.017675,33.578268,1.8,196.0,2025-09-19 13:39:40.063113,0,2025-09-19 13:39:40.063115
586706536,TRYGVE B BUOY 3,75.03261,33.273595,3.2,58.6,2025-09-19 13:39:40.063120,0,2025-09-19 13:39:40.063122
586706667,TRYGVE B BUOY 2,75.074133,33.200205,2.3,161.9,2025-09-19 13:39:40.063130,0,2025-09-19 13:39:40.063131
586707108,LK4,70.37593,20.221342,1.6,256.2,2025-09-19 13:39:40.063143,0,2025-09-19 13:39:40.063145
586707130,LK5,70.369368,20.265357,0.7,234.4,2025-09-19 13:39:40.063149,0,2025-09-19 13:39:40.063151
586707132,BUSINKA2,70.370445,19.611275,2.2,165.2,2025-09-19 13:39:40.063156,0,2025-09-19 13:39:40.063157
586707134,BUSINKA5,70.436985,19.928922,2.2,120.0,2025-09-19 13:39:40.063162,0,2025-09-19 13:39:40.063164
586707135,LK6,70.387275,20.278503,2.9,316.0,2025-09-19 13:39:40.063168,0,2025-09-19 13:39:40.063170
586707136,BUOY11,70.363482,20.282253,1.2,213.4,2025-09-19 13:39:40.063175,0,2025-09-19 13:39:40.063177
586707137,FISHING NET BOUY 3,70.420035,18.831847,2.1,310.5,2025-09-19 13:39:40.063182,0,2025-09-19 13:39:40.063184
586707139,BUSINKA1,70.41853,19.861918,2.3,162.8,2025-09-19 13:39:40.063189,0,2025-09-19 13:39:40.063190
586707140,LK3,70.392982,20.463162,2.2,200.4,2025-09-19 13:39:40.063194,0,2025-09-19 13:39:40.063196
586707142,BUOY12,70.358968,20.307835,1.1,243.6,2025-09-19 13:39:40.063201,0,2025-09-19 13:39:40.063203
586707148,LK2,70.456933,20.17514,1.0,338.8,2025-09-19 13:39:40.063207,0,2025-09-19 13:39:40.063209
586707196,FISHING NET BOUY 2,70.469843,19.258213,1.0,212.6,2025-09-19 13:39:40.063217,0,2025-09-19 13:39:40.063219
586707240,LK1,70.37449,20.286585,5.4,134.9,2025-09-19 13:39:40.063223,0,2025-09-19 13:39:40.063225
586707248,BUSINKA4,70.418568,19.823235,1.3,333.5,2025-09-19 13:39:40.063230,0,2025-09-19 13:39:40.063232
586707249,BUSINKA3,70.374347,19.592203,1.1,72.6,2025-09-19 13:39:40.063237,0,2025-09-19 13:39:40.063238
273291510,NORVEZHSKOE MORE,75.729402,14.021637,4.8,344.9,2025-09-19 13:39:40.063247,30,2025-09-19 13:39:40.063249
586707342,SELMA BUOY 2,71.171922,27.565782,3.0,3.9,2025-09-19 13:39:40.063254,0,2025-09-19 13:39:40.063256
586707344,ALI BUOY 2,70.805415,29.858923,1.2,340.3,2025-09-19 13:39:40.063261,0,2025-09-19 13:39:40.063263
586707346,BEN HUR BUOY 1,70.992832,29.156028,1.9,170.1,2025-09-19 13:39:40.063268,0,2025-09-19 13:39:40.063270
314553000,WILSON LEITH,68.572397,14.974017,0.0,200.2,2025-09-19 13:39:40.063281,70,2025-09-19 13:39:40.063282
273217010,BOOTES,70.597515,19.391442,3.5,85.2,2025-09-19 13:39:40.063289,30,2025-09-19 13:39:40.063291
982570397,NAUTILUS ALDRA MOB,66.005125,12.282968,0.3,,2025-09-19 13:39:40.063299,53,2025-09-19 13:39:40.063301
982570698,ROV LONG CABLE,68.64295,16.581217,0.9,214.2,2025-09-19 13:39:40.063312,33,2025-09-19 13:39:40.063314
109080033,MAYA BUOY 1,71.094475,26.157437,3.8,174.1,2025-09-19 13:39:40.063326,0,2025-09-19 13:39:40.063328
109080133,VANNOYVAERING BOUY 1,70.542553,20.315472,2.5,169.1,2025-09-19 13:39:40.063345,0,2025-09-19 13:39:40.063347
109080160,IVERSEN JR BUOY 3,68.473453,14.69523,0.5,0.0,2025-09-19 13:39:40.063357,0,2025-09-19 13:39:40.063359
109080165,IVERSEN JR BUOY 1,68.479865,14.970643,0.8,0.0,2025-09-19 13:39:40.063366,0,2025-09-19 13:39:40.063368
109080297,BUOY2,70.39822,20.36589,1.1,94.6,2025-09-19 13:39:40.063376,0,2025-09-19 13:39:40.063380
109080299,T 9 K 7,70.583975,20.431145,1.3,40.1,2025-09-19 13:39:40.063385,0,2025-09-19 13:39:40.063387
109080300,BUOY5,70.390683,20.36151,1.1,64.2,2025-09-19 13:39:40.063392,0,2025-09-19 13:39:40.063393
109080344,ANGELSEN SR,68.79675,13.074338,1.4,86.8,2025-09-19 13:39:40.063400,0,2025-09-19 13:39:40.063402
109080360,BUOY 81 70,69.618768,17.590098,1.3,19.1,2025-09-19 13:39:40.063410,0,2025-09-19 13:39:40.063412
109080364,BUOY 83 86,69.640285,17.617757,2.1,288.7,2025-09-19 13:39:40.063417,0,2025-09-19 13:39:40.063419
109080368,BUROY BOUY 2,70.799198,25.979825,1.4,116.3,2025-09-19 13:39:40.063425,0,2025-09-19 13:39:40.063426
109080373,BUROY BOUY 4,70.858802,26.016,3.5,125.3,2025-09-19 13:39:40.063432,0,2025-09-19 13:39:40.063433
109080402,T 9 K 8,70.490535,20.099833,1.4,89.9,2025-09-19 13:39:40.063439,0,2025-09-19 13:39:40.063441
109080403,BUOY1,70.603368,20.384332,1.0,91.2,2025-09-19 13:39:40.063446,0,2025-09-19 13:39:40.063447
109080468,IVAR BOUY 1,71.539728,32.713867,2.0,231.5,2025-09-19 13:39:40.063453,0,2025-09-19 13:39:40.063455
109080476,ANGELSEN SR,68.721592,13.068483,1.0,135.8,2025-09-19 13:39:40.063460,0,2025-09-19 13:39:40.063461
109080478,ANGELSEN SR,68.799353,13.133087,1.0,151.7,2025-09-19 13:39:40.063467,0,2025-09-19 13:39:40.063468
109080479,ANGELSEN SR,68.808177,13.148163,1.7,204.0,2025-09-19 13:39:40.063474,0,2025-09-19 13:39:40.063475
109080480,ANGELSEN SR,68.801175,13.048343,1.0,95.3,2025-09-19 13:39:40.063480,0,2025-09-19 13:39:40.063482
109080481,ANGELSEN SR,68.796898,13.09601,1.1,304.6,2025-09-19 13:39:40.063487,0,2025-09-19 13:39:40.063489
109080485,ANGELSEN SR,68.797933,13.118127,1.2,209.9,2025-09-19 13:39:40.063496,0,2025-09-19 13:39:40.063498
109080673,ANGELSEN SR,68.721378,13.056233,2.3,208.9,2025-09-19 13:39:40.063505,0,2025-09-19 13:39:40.063507
109080675,ANGELSEN SR,68.798667,13.057863,2.7,120.8,2025-09-19 13:39:40.063512,0,2025-09-19 13:39:40.063514
244178000,SHETLAND,66.0363,11.290333,10.6,201.7,2025-09-19 13:39:40.063527,70,2025-09-19 13:39:40.063529
235051012,NAVAL AUXILIARY,70.162937,20.239713,13.6,4.0,2025-09-19 13:39:40.063537,35,2025-09-19 13:39:40.063539
563175900,ARMADA 78 03,66.87333333333333,5.2683333333333335,7.0,303.0,2025-09-19 13:39:40.063544,70,2025-09-19 13:39:40.063546
218004830,JAN MARIA,69.697998,19.075273,0.0,36.3,2025-09-19 13:39:40.063572,30,2025-09-19 13:39:40.063574
273522400,ZAKHAR SOROKIN,70.667133,18.825967,12.7,45.7,2025-09-19 13:39:40.063585,30,2025-09-19 13:39:40.063587
273447010,ALFERAS,72.04166666666667,25.383333333333333,9.0,313.0,2025-09-19 13:39:40.063592,30,2025-09-19 13:39:40.063593
276842000,MERIKE,76.191615,35.698747,2.5,233.6,2025-09-19 13:39:40.063610,30,2025-09-19 13:39:40.063612
273296810,DMITRY MENDELEEV,67.12333333333333,8.828333333333335,10.0,25.0,2025-09-19 13:39:40.063619,80,2025-09-19 13:39:40.063621
314633000,WILSON DROGHEDA,66.212355,13.018303,0.0,345.6,2025-09-19 13:39:40.063627,70,2025-09-19 13:39:40.063628
273523300,ALEKSANDR MIRONENKO,71.138378,29.714345,9.5,126.3,2025-09-19 13:39:40.063639,30,2025-09-19 13:39:40.063640
232866000,M/S ISBJORNEN 2,69.687465,18.735405,0.0,312.0,2025-09-19 13:39:40.063646,90,2025-09-19 13:39:40.063648
273523400,YANTARNYY,70.24666666666667,15.110000000000001,13.0,62.0,2025-09-19 13:39:40.063655,30,2025-09-19 13:39:40.063656
212651000,ELISABETH J,67.857515,9.504727,13.4,207.1,2025-09-19 13:39:40.063665,80,2025-09-19 13:39:40.063667
982575641,MUNIN,78.223285,15.662068,0.0,,2025-09-19 13:39:40.063679,92,2025-09-19 13:39:40.063681
314635000,WILSON DUNDEE,66.327823,14.143502,0.0,335.8,2025-09-19 13:39:40.063701,70,2025-09-19 13:39:40.063702
109010419,RONJA BOUY 9,70.93246,25.80116,3.5,43.4,2025-09-19 13:39:40.063711,0,2025-09-19 13:39:40.063713
565369000,COSL PROSPECTOR,70.626973,23.641695,0.0,277.3,2025-09-19 13:39:40.063730,90,2025-09-19 13:39:40.063731
212654000,BORIS VILKITSKY,67.810877,9.41477,18.8,203.2,2025-09-19 13:39:40.063743,84,2025-09-19 13:39:40.063744
255801980,DINA STAR,67.037842,6.507257,0.6,265.0,2025-09-19 13:39:40.063767,70,2025-09-19 13:39:40.063769
563033300,DANCING BRAVE,66.805713,13.842967,13.4,272.0,2025-09-19 13:39:40.063786,80,2025-09-19 13:39:40.063788
273529800,BORIS SYROMYATNIKOV,70.793805,20.635347,3.1,274.0,2025-09-19 13:39:40.063800,30,2025-09-19 13:39:40.063802
412549626,FU YUAN YU 8633,66.88833333333334,4.3,57.0,164.0,2025-09-19 13:39:40.063813,30,2025-09-19 13:39:40.063815
412549628,FUYUANYU8620,68.41000000000001,-3.26,60.0,234.0,2025-09-19 13:39:40.063820,30,2025-09-19 13:39:40.063822
273379740,FRIO FORWIN,71.102562,19.303802,9.2,66.5,2025-09-19 13:39:40.063833,70,2025-09-19 13:39:40.063835
211753000,MARIA S. MERIAN,67.283202,3.212178,4.5,61.1,2025-09-19 13:39:40.063843,90,2025-09-19 13:39:40.063845
273532110,KURSHSKAYA KOSA,70.58875,19.093233,3.5,268.6,2025-09-19 13:39:40.063864,30,2025-09-19 13:39:40.063866
314416000,JUMBO,69.222875,18.079138,0.0,233.8,2025-09-19 13:39:40.063876,70,2025-09-19 13:39:40.063878
255806445,VASCO DA GAMA,70.445633,18.289283,12.6,63.4,2025-09-19 13:39:40.063897,60,2025-09-19 13:39:40.063899
255806463,WILSON FLEX IV,67.250187,15.423078,0.0,115.2,2025-09-19 13:39:40.063904,70,2025-09-19 13:39:40.063906
273534110,LIRA,70.646667,19.616617,14.9,72.0,2025-09-19 13:39:40.063925,30,2025-09-19 13:39:40.063927
982586740,OV SKOMVAER 2,68.795357,16.54408,0.1,,2025-09-19 13:39:40.063945,33,2025-09-19 13:39:40.063947
210400000,SEAPIPER,66.079308,8.063722,0.3,216.8,2025-09-19 13:39:40.063957,33,2025-09-19 13:39:40.063959
108040274,SF JENTA BUOY,70.12759,30.54851,1.4,145.9,2025-09-19 13:39:40.063968,0,2025-09-19 13:39:40.063970
304011026,THEBE,66.30636,14.11608,0.0,298.0,2025-09-19 13:39:40.063986,70,2025-09-19 13:39:40.063988
250002443,ARKLOW FOREST,66.805597,13.920215,3.6,84.5,2025-09-19 13:39:40.063994,70,2025-09-19 13:39:40.063995
231522000,HAV ATLANTIC,68.912708,15.065718,0.0,329.5,2025-09-19 13:39:40.064002,70,2025-09-19 13:39:40.064004
273537800,KARACHAROVO,76.098148,14.420127,2.7,189.0,2025-09-19 13:39:40.064018,30,2025-09-19 13:39:40.064019
273613930,BELOYE MORE,75.785405,14.01886,1.2,201.2,2025-09-19 13:39:40.064030,30,2025-09-19 13:39:40.064032
982590450,RHIB F314,69.338525,16.228037,4.9,30.6,2025-09-19 13:39:40.064044,35,2025-09-19 13:39:40.064046
585900148,BUOY FALCH 82,69.236657,17.93665,0.0,221.5,2025-09-19 13:39:40.064065,0,2025-09-19 13:39:40.064067
585900149,FDA WARNING 35,69.282118,17.908312,0.2,351.5,2025-09-19 13:39:40.064072,0,2025-09-19 13:39:40.064074
585900220,DODRAUG2 88,70.639437,30.660903,2.2,308.3,2025-09-19 13:39:40.064080,0,2025-09-19 13:39:40.064082
585900225,JENS 1 48,69.42611,18.452985,0.2,258.5,2025-09-19 13:39:40.064087,0,2025-09-19 13:39:40.064089
585900237,JENS 2 50,69.413623,18.458238,0.4,50.9,2025-09-19 13:39:40.064093,0,2025-09-19 13:39:40.064095
585900259,NORSOL 2 79,69.027902,16.220463,1.1,45.4,2025-09-19 13:39:40.064100,0,2025-09-19 13:39:40.064102
585900264,NORSOL 3 61,69.003173,16.139323,0.6,330.2,2025-09-19 13:39:40.064107,0,2025-09-19 13:39:40.064108
585900265,NORSOL 1 98,68.955207,16.087377,0.3,14.2,2025-09-19 13:39:40.064113,0,2025-09-19 13:39:40.064115
585900266,NORSOL 5 19,69.082773,16.145115,1.6,195.9,2025-09-19 13:39:40.064120,0,2025-09-19 13:39:40.064122
585900267,NORSOL 4 56,68.972858,16.09884,0.3,350.9,2025-09-19 13:39:40.064126,0,2025-09-19 13:39:40.064128
585900273,BUOY SL 1 84,69.531343,17.980817,0.3,78.1,2025-09-19 13:39:40.064133,0,2025-09-19 13:39:40.064135
585900274,BUOY SL 2 70,69.535317,18.084022,0.7,33.3,2025-09-19 13:39:40.064140,0,2025-09-19 13:39:40.064142
538003746,KANARIS,68.430605,17.4027,0.0,236.9,2025-09-19 13:39:40.064169,70,2025-09-19 13:39:40.064171
273845800,VASILIY GOLOVNIN,74.845,15.723333333333333,3.0,167.0,2025-09-19 13:39:40.064196,30,2025-09-19 13:39:40.064198
538005351,CLEAN PLANET,70.687992,32.57264,14.9,169.5,2025-09-19 13:39:40.064203,84,2025-09-19 13:39:40.064205
109030585,TRIO BOUY 5,70.919395,29.746957,2.9,126.3,2025-09-19 13:39:40.064228,0,2025-09-19 13:39:40.064230
109030586,TOMBA BUOY 2,70.933832,29.749478,1.3,200.6,2025-09-19 13:39:40.064235,0,2025-09-19 13:39:40.064237
109030588,TOMBA BUOY 3,70.93157,29.770625,2.1,217.5,2025-09-19 13:39:40.064242,0,2025-09-19 13:39:40.064244
109030589,TRIO BOUY 6,70.915223,29.756428,1.7,18.3,2025-09-19 13:39:40.064249,0,2025-09-19 13:39:40.064251
109030760,JENS BOY 3,69.39728,18.439285,0.1,120.6,2025-09-19 13:39:40.064259,0,2025-09-19 13:39:40.064260
249257000,PENGLAI,65.090658,7.793975,11.2,231.6,2025-09-19 13:39:40.064265,70,2025-09-19 13:39:40.064267
277544000,TAURUS,81.44666666666667,31.65666666666667,3.0,216.0,2025-09-19 13:39:40.064274,30,2025-09-19 13:39:40.064275
246920000,HEBO-LIFT 10,69.55702,19.146857,0.0,158.1,2025-09-19 13:39:40.064289,99,2025-09-19 13:39:40.064291
273397450,ESTER,70.668305,19.01698,3.5,62.3,2025-09-19 13:39:40.064308,30,2025-09-19 13:39:40.064310
304099000,CELINA,71.601828,24.623457,10.9,75.5,2025-09-19 13:39:40.064330,79,2025-09-19 13:39:40.064332
231837000,HAV SKANDIC,69.501988,18.300467,10.0,247.3,2025-09-19 13:39:40.064351,90,2025-09-19 13:39:40.064353
244057240,ZEEWOLF,69.549887,19.070168,5.4,69.9,2025-09-19 13:39:40.064362,99,2025-09-19 13:39:40.064363
308928000,SCARABEO 8,65.823173,7.7156,0.0,328.0,2025-09-19 13:39:40.064369,90,2025-09-19 13:39:40.064370
310588000,FLOATEL SUPERIOR,65.10833333333333,6.79,0.0,174.0,2025-09-19 13:39:40.064385,90,2025-09-19 13:39:40.064387
231763000,QUEST,69.635515,18.935803,0.0,221.3,2025-09-19 13:39:40.064395,60,2025-09-19 13:39:40.064397
412420561,HANYI36,78.55666666666666,32.10666666666667,36.0,46.0,2025-09-19 13:39:40.064406,30,2025-09-19 13:39:40.064408
273250820,KORD BARENTS,75.46499999999999,20.866666666666667,6.0,125.0,2025-09-19 13:39:40.064419,80,2025-09-19 13:39:40.064420
412421098,DONGYU1527,76.98,-1.24,17.0,437.0,2025-09-19 13:39:40.064427,30,2025-09-19 13:39:40.064429
412421136,XIN SHI JI 66,70.90333333333334,-0.9733333333333333,32.0,370.0,2025-09-19 13:39:40.064434,30,2025-09-19 13:39:40.064436
667001255,CENTURION,67.4084,8.298933,12.1,217.0,2025-09-19 13:39:40.064453,80,2025-09-19 13:39:40.064455
273251530,ANTARKTIKA,71.667,27.004167,6.1,284.0,2025-09-19 13:39:40.064461,80,2025-09-19 13:39:40.064462
219017214,ESVAGT AURORA,71.3476,22.400025,0.4,6.9,2025-09-19 13:39:40.064480,99,2025-09-19 13:39:40.064481
265030590,KINFISH TENDER 2,81.82594,15.885555,0.5,175.0,2025-09-19 13:39:40.064490,90,2025-09-19 13:39:40.064492
265182000,ODEN,78.234362,15.62357,0.0,314.3,2025-09-19 13:39:40.064505,90,2025-09-19 13:39:40.064507
247229700,AIDABELLA,68.69973,15.420342,0.0,81.4,2025-09-19 13:39:40.064517,60,2025-09-19 13:39:40.064519
123222339,RONJA BOUY 5,70.934595,25.6341,0.6,0.0,2025-09-19 13:39:40.064540,0,2025-09-19 13:39:40.064541
273254860,KAPITAN TARAN,72.03166666666667,30.85,11.0,328.0,2025-09-19 13:39:40.064549,30,2025-09-19 13:39:40.064551
273254880,MECHANIC STEPANOV,70.27928,17.653073,11.5,42.8,2025-09-19 13:39:40.064557,30,2025-09-19 13:39:40.064558
352005711,GRAND EXPLORER,68.096998,15.048647,8.2,59.5,2025-09-19 13:39:40.064572,70,2025-09-19 13:39:40.064574
250400644,250400644,69.404992,18.42107,0.1,310.0,2025-09-19 13:39:40.064584,0,2025-09-19 13:39:40.064586
941500449,UNNUR BUOY 22,71.301972,30.351535,2.1,188.4,2025-09-19 13:39:40.064603,0,2025-09-19 13:39:40.064604
941500450,UNNUR BUOY 14,71.415115,30.547695,1.2,165.2,2025-09-19 13:39:40.064609,0,2025-09-19 13:39:40.064611
941500554,MAIKENJENTA BU 41,69.985688,30.265527,1.3,50.7,2025-09-19 13:39:40.064619,0,2025-09-19 13:39:40.064620
941500651,TK9 BUOY 2 65,70.597935,20.33848,2.1,180.0,2025-09-19 13:39:40.064627,0,2025-09-19 13:39:40.064629
941500801,MARIE K BUOY 97,68.577517,16.525722,0.2,15.9,2025-09-19 13:39:40.064642,0,2025-09-19 13:39:40.064644
941500813,ANTON EMILIAN 31,70.780553,26.151333,1.6,321.3,2025-09-19 13:39:40.064650,0,2025-09-19 13:39:40.064651
941500819,ANTON EMILIAN 18,70.795722,26.005812,1.2,62.1,2025-09-19 13:39:40.064656,0,2025-09-19 13:39:40.064658
941500894,BROR 4 BUOY 66,70.074208,29.741903,0.2,121.2,2025-09-19 13:39:40.064666,0,2025-09-19 13:39:40.064668
941500985,TRYGVE B BOUY 94 S,74.975603,33.17106,2.7,26.3,2025-09-19 13:39:40.064674,0,2025-09-19 13:39:40.064676
941500989,HANS BUOY 26,71.083093,27.265945,2.4,196.8,2025-09-19 13:39:40.064681,0,2025-09-19 13:39:40.064683
941501039,NEPTUN BUOY 2 95,70.837522,29.632957,2.0,270.0,2025-09-19 13:39:40.064689,0,2025-09-19 13:39:40.064690
941501040,NEPTUN BUOY 1 91,70.830698,29.684298,1.8,216.2,2025-09-19 13:39:40.064696,0,2025-09-19 13:39:40.064697
941501099,SAGA BJOERG BU 48,71.038628,28.597417,4.5,192.9,2025-09-19 13:39:40.064703,0,2025-09-19 13:39:40.064705
941501107,GK BUOY 53,71.036393,28.592878,1.8,122.5,2025-09-19 13:39:40.064710,0,2025-09-19 13:39:40.064712
413559690,RUN HAI XIANG YANG,81.74,12.453333333333335,35.0,108.0,2025-09-19 13:39:40.064718,70,2025-09-19 13:39:40.064720
109120353,RB 4 BOUY 72,69.825362,17.91049,1.4,329.5,2025-09-19 13:39:40.064727,0,2025-09-19 13:39:40.064729
109120354,RB 3 BOUY 68,69.843968,17.886565,2.4,83.9,2025-09-19 13:39:40.064733,0,2025-09-19 13:39:40.064735
109120360,RB 2 BOUY 78,69.854365,17.877867,3.3,125.8,2025-09-19 13:39:40.064740,0,2025-09-19 13:39:40.064742
109120410,NORSOL 1 14,68.988148,16.045318,0.7,161.1,2025-09-19 13:39:40.064748,0,2025-09-19 13:39:40.064749
109120421,NORSOL 3 23,68.950917,16.008292,0.6,247.9,2025-09-19 13:39:40.064754,0,2025-09-19 13:39:40.064756
109120446,SENJATIND 1 53,69.53237,18.083568,0.6,357.6,2025-09-19 13:39:40.064761,0,2025-09-19 13:39:40.064763
109120461,SENJALAND BUOY 47,69.543965,17.670275,0.0,174.3,2025-09-19 13:39:40.064769,0,2025-09-19 13:39:40.064771
109120462,KARL MARTIN BO 89,69.172383,17.945145,1.3,165.4,2025-09-19 13:39:40.064776,0,2025-09-19 13:39:40.064778
109120463,KARL MARTIN BO 80,69.172375,17.945713,0.2,147.8,2025-09-19 13:39:40.064783,0,2025-09-19 13:39:40.064785
235015732,CSB 44,69.678365,19.001343,2.2,50.4,2025-09-19 13:39:40.064805,35,2025-09-19 13:39:40.064806
218799000,MARK,72.52683,9.885672,10.7,232.8,2025-09-19 13:39:40.064822,30,2025-09-19 13:39:40.064824
249803000,STOC NIKE,70.68157,23.588017,0.0,261.2,2025-09-19 13:39:40.064854,89,2025-09-19 13:39:40.064856
352842000,SJOVEIEN,78.126103,14.939692,9.1,124.6,2025-09-19 13:39:40.064865,79,2025-09-19 13:39:40.064867
109050519,MUSVERINGEN 16,70.695383,30.383052,1.3,180.0,2025-09-19 13:39:40.064886,0,2025-09-19 13:39:40.064888
248221000,KEY SOUTH,66.9997,12.85395,11.9,55.1,2025-09-19 13:39:40.064909,82,2025-09-19 13:39:40.064911
109050891,SOLRUN B 3 69,70.633385,29.721808,0.2,157.8,2025-09-19 13:39:40.064934,0,2025-09-19 13:39:40.064936
109050900,SENJALIV 1 45,69.528365,18.106123,2.3,231.2,2025-09-19 13:39:40.064942,0,2025-09-19 13:39:40.064943
109050923,SARA KARIN 80,74.668047,18.780507,8.2,8.2,2025-09-19 13:39:40.064953,0,2025-09-19 13:39:40.064955
109050937,HAAVARD A 63,67.646143,15.135388,0.0,154.4,2025-09-19 13:39:40.064960,0,2025-09-19 13:39:40.064962
219029885,ESVAGT DC 11,72.505327,20.221582,4.0,53.7,2025-09-19 13:39:40.064975,40,2025-09-19 13:39:40.064976
255915684,NCL VESTLAND,68.405552,13.674573,16.5,60.0,2025-09-19 13:39:40.064982,70,2025-09-19 13:39:40.064984
231099000,HAV NES,65.20465,11.879002,10.4,210.0,2025-09-19 13:39:40.064990,70,2025-09-19 13:39:40.064992
370572000,CAPE AMANDA,65.02666666666667,7.308333333333334,9.0,45.0,2025-09-19 13:39:40.065012,70,2025-09-19 13:39:40.065014
982470189,AIDABELLA TB 13,68.111883,13.594457,0.1,345.5,2025-09-19 13:39:40.065040,60,2025-09-19 13:39:40.065042
982470191,AIDABELLA TB15,68.12112,13.577943,8.2,126.9,2025-09-19 13:39:40.065047,60,2025-09-19 13:39:40.065049
982470192,AIDABELLA TB 16,68.113123,13.594153,0.0,277.5,2025-09-19 13:39:40.065054,60,2025-09-19 13:39:40.065056
982470194,AIDABELLA TB 18,68.111603,13.596818,3.0,241.0,2025-09-19 13:39:40.065064,60,2025-09-19 13:39:40.065065
370424000,NACC ANTIGUA,66.481645,9.699687,11.2,60.4,2025-09-19 13:39:40.065085,70,2025-09-19 13:39:40.065086
636018554,ELARA,71.320598,29.80442,10.3,305.8,2025-09-19 13:39:40.065114,70,2025-09-19 13:39:40.065116
244533000,WATERLAND,69.679718,18.998425,0.0,358.9,2025-09-19 13:39:40.065141,52,2025-09-19 13:39:40.065142
109060230,KRISTINE E,71.174952,26.48786,2.0,0.0,2025-09-19 13:39:40.065169,0,2025-09-19 13:39:40.065171
109060233,KRISTINE E,71.171665,26.46513,1.2,350.3,2025-09-19 13:39:40.065176,0,2025-09-19 13:39:40.065178
109060238,KRISTINE E,71.174375,26.478992,2.6,0.0,2025-09-19 13:39:40.065183,0,2025-09-19 13:39:40.065184
109060322,MAYA BUOY 3,71.05247,26.056697,2.2,175.2,2025-09-19 13:39:40.065190,0,2025-09-19 13:39:40.065192
109060326,AH SENIOR,70.81341,29.726408,4.1,56.8,2025-09-19 13:39:40.065197,0,2025-09-19 13:39:40.065199
109060479,VAROY BUOY 3,68.452575,13.239902,0.8,268.4,2025-09-19 13:39:40.065205,0,2025-09-19 13:39:40.065207
109060645,MAYA BUOY 2,71.064387,26.19271,2.0,118.8,2025-09-19 13:39:40.065215,0,2025-09-19 13:39:40.065217
309481000,ARCTIC DISCOVERER,70.67717,23.405988,0.0,120.3,2025-09-19 13:39:40.065224,80,2025-09-19 13:39:40.065226
109060873,ABRASON BOUY 2,70.438413,31.175187,1.0,47.5,2025-09-19 13:39:40.065231,0,2025-09-19 13:39:40.065233
109060877,ABRASON BOUY 1,70.466322,31.10952,1.8,7.0,2025-09-19 13:39:40.065238,0,2025-09-19 13:39:40.065240
941215684,HAAVARD A,67.622627,15.243805,0.9,164.2,2025-09-19 13:39:40.065245,0,2025-09-19 13:39:40.065246
219794000,NADIR,78.227865,15.615612,0.1,354.1,2025-09-19 13:39:40.065257,31,2025-09-19 13:39:40.065258
219417000,GEORG STAGE,66.377553,12.78188,6.8,141.3,2025-09-19 13:39:40.065267,36,2025-09-19 13:39:40.065269
636023140,ST.SOFIA,71.33491,29.727557,11.1,303.3,2025-09-19 13:39:40.065283,70,2025-09-19 13:39:40.065285
629009658,MAKALU,73.662445,34.801058,10.7,64.2,2025-09-19 13:39:40.065317,80,2025-09-19 13:39:40.065319
941219502,EMMA BUOY 5,70.720935,23.808165,0.1,0.0,2025-09-19 13:39:40.065332,0,2025-09-19 13:39:40.065334
372698000,FUGRO DISCOVERY,67.295248,14.389195,0.0,40.5,2025-09-19 13:39:40.065362,90,2025-09-19 13:39:40.065364
276826000,AGOT,68.69832,15.420923,0.0,79.0,2025-09-19 13:39:40.065378,70,2025-09-19 13:39:40.065380
702106000,MARCUS,69.90333333333334,21.876666666666665,0.0,128.0,2025-09-19 13:39:40.065385,99,2025-09-19 13:39:40.065387
111257003,NOR-004,70.0593,24.976085,0.0,348.3,2025-09-19 13:39:40.065416,99,2025-09-19 13:39:40.065417
111257010,NOR-011,67.271235,14.357075,6.0,329.4,2025-09-19 13:39:40.065422,99,2025-09-19 13:39:40.065424
111257011,NOR-012,67.271697,14.357802,0.0,219.4,2025-09-19 13:39:40.065429,99,2025-09-19 13:39:40.065431
111257506,LN-OXH,69.686008,18.914372,0.0,240.8,2025-09-19 13:39:40.065441,99,2025-09-19 13:39:40.065443
111257511,SAR AC  RESCUE 7,69.683483,18.91251,0.0,195.6,2025-09-19 13:39:40.065448,99,2025-09-19 13:39:40.065450
111257512,SAR AC RESCUE 7,69.683183,18.91261,0.0,,2025-09-19 13:39:40.065455,99,2025-09-19 13:39:40.065457
265289000,VIRGO,82.70626,23.076907,1.0,0.1,2025-09-19 13:39:40.065481,70,2025-09-19 13:39:40.065483
273435580,KAPITAN SULIMOV,71.246773,17.42693,9.2,291.3,2025-09-19 13:39:40.065488,30,2025-09-19 13:39:40.065490
311000634,YAKOV GAKKEL,70.102065,16.105493,18.8,44.1,2025-09-19 13:39:40.065501,89,2025-09-19 13:39:40.065503
273436830,LLV AZURIT,70.62543,29.701237,0.0,22.8,2025-09-19 13:39:40.065520,30,2025-09-19 13:39:40.065522
311001583,AURORA SPIRIT,65.48395,6.947483,7.7,29.1,2025-09-19 13:39:40.065529,80,2025-09-19 13:39:40.065530
311001591,RAINBOW SPIRIT,72.312993,20.117362,1.9,135.7,2025-09-19 13:39:40.065536,80,2025-09-19 13:39:40.065538
